DATE,F_AD,F_AE,F_AH,F_AX,F_BC,F_BG,F_BO,F_BP,F_C,F_CA,F_CC,F_CD,F_CF,F_CL,F_CT,F_DL,F_DM,F_DT,F_DX,F_DZ,F_EB,F_EC,F_ED,F_ES,F_F,F_FB,F_FC,F_FL,F_FM,F_FP,F_FV,F_FY,F_GC,F_GD,F_GS,F_GX,F_HG,F_HO,F_HP,F_JY,F_KC,F_LB,F_LC,F_LN,F_LQ,F_LR,F_LU,F_LX,F_MD,F_MP,F_ND,F_NG,F_NQ,F_NR,F_NY,F_O,F_OJ,F_PA,F_PL,F_PQ,F_RB,F_RF,F_RP,F_RR,F_RU,F_RY,F_S,F_SB,F_SF,F_SH,F_SI,F_SM,F_SS,F_SX,F_TR,F_TU,F_TY,F_UB,F_US,F_UZ,F_VF,F_VT,F_VW,F_VX,F_W,F_XX,F_YM,F_ZQ
2/1/19,70555.08125,97577.07964,7672.262906,264242.3604,53821.12838,50959.46019,16722.19898,80041.39624,18735.37952,47279.54557,24155.77932,73402.1705,157720.3069,45860.26877,36094.90578,28592.89428,108541.7373,163599.5649,95686.78098,24644.9132,250770.2704,144151.671,243225.6326,125414.0571,251798.3232,6562.73672,73335.6732,51735.48715,20612.99737,36293.42074,114656.4871,16686.80751,128453.5295,93881.56017,123138.1707,180867.6579,66131.53598,70542.44772,30039.97915,114704.7951,38214.09582,37060.1218,49524.24707,24415.33773,101384.139,25828.48169,86211.36673,66564.41569,166406.0466,25176.85867,67203.0837,29840.76905,127030.1717,20739.2318,99373.75143,13770.01004,18855.01317,119791.8712,40079.27967,47330.14509,55413.81845,140588.7231,112509.3634,7114.352156,135084.743,15704404.21,44762.61108,13483.83042,128154.7366,20862.30098,77800.80207,30984.81973,123727.8514,83194.69596,34372.72091,212271.3422,121990.3779,132527.625,145978.9778,111945.6258,128743.7299,150123.4983,112364.4566,24087.65426,25160.59603,27201.83467,116513.5213,406704.7673
3/1/19,70072.52953,97272.16297,7678.499735,265844.9265,54889.74214,50928.25386,16917.68585,79110.63719,18778.81576,47049.00024,23934.70601,73740.10729,157715.6826,46469.1411,35357.06394,28609.73261,108302.3582,164854.4142,96363.78559,24703.67335,250750.6828,142682.3626,243213.6981,125350.3683,251798.3232,6568.852671,72939.75148,52466.32795,20622.9899,36435.26252,114772.1604,16791.11338,128588.946,94344.08096,123761.6323,183838.3035,65320.47039,71528.32738,29653.70442,115242.0793,37322.64623,36618.79619,49385.88547,24758.40024,100584.4586,26328.66741,85162.40963,66407.08058,165636.6932,25313.918,66705.42591,29578.5701,127036.0529,20691.81662,98997.03771,13933.54831,18373.13882,119700.8939,40016.86302,47419.68727,55847.93956,140318.9868,112745.09,7183.966228,135488.5928,15490520.34,45350.0627,13357.29474,127089.9573,20931.7421,77872.95288,31486.27044,123776.4164,83099.46751,34411.85402,212304.2986,122290.4474,132958.8244,146936.3809,111981.443,128922.2919,150803.3484,112389.7895,23392.76151,25365.53742,27357.72857,116377.5225,406702.3854
4/1/19,70079.67451,96182.31628,7749.568322,260722.2573,55748.92192,51964.33436,17069.05357,79281.55594,18992.99006,46140.46315,24004.21264,74304.8346,158834.3197,46964.35526,35413.64825,28648.04157,106899.5718,165046.7053,95826.95702,23863.494,250738.1739,143311.825,243338.5882,122560.8503,251825.2997,6564.636397,72159.29949,53092.76292,20255.67714,36518.2906,115297.7684,16604.96253,129568.2157,95569.13601,123967.8905,183773.8692,64504.66078,72911.43013,29449.53965,116912.5646,38306.4282,36133.72946,49251.71459,24881.83888,99284.97789,26577.36394,82648.82162,66467.29934,163303.8597,25223.51005,67026.21493,29280.91311,123453.3607,20911.81403,97185.68517,13930.52097,18403.14787,120438.2813,40209.15312,47479.38206,56632.50148,140550.4513,113056.0939,7198.683949,133228.6632,15331573.97,45648.46663,13100.28358,127490.3253,20540.45654,78912.40942,31666.54117,123801.0197,83652.78802,34727.27321,212731.25,123094.1688,133026.4006,148296.1514,111987.338,128962.6586,150893.3286,112383.293,24463.37129,25717.36782,27174.74509,113472.569,406823.4455
7/1/19,71240.78427,98480.31299,7827.6413,270018.6505,57220.75623,53591.11341,17194.68892,79919.90665,19147.1699,47414.64086,23587.65931,74790.58211,158337.5019,48189.54543,36319.71569,28481.65302,110691.4983,164077.8001,95764.23333,24856.02049,250738.1739,143325.1084,243219.2728,126637.3748,251821.9207,6802.891137,71328.70487,53823.60371,20869.63956,37756.38925,114670.807,17099.5969,128588.9943,97056.70287,123128.1641,181526.0212,65896.0992,74583.82092,29798.8724,115893.0144,38125.78127,36219.59019,48734.12605,24753.87649,99234.99787,26801.29222,83214.34645,67783.5941,168798.821,25506.57269,67456.24302,30213.26838,128822.3558,20972.59355,100454.3156,14017.54441,18492.71647,124045.3281,41403.29785,48896.57916,57092.66438,140442.7405,112061.8072,7314.32625,138189.3457,15468539.47,46081.93351,13360.22866,127544.6677,21238.4459,78918.19898,31908.32602,123767.0926,85414.56765,35538.88271,212254.2046,122198.0686,132730.204,146978.9582,111940.2759,128763.2289,150323.4542,112342.9848,21954.56715,25892.83158,27889.49624,116986.0846,406719.9106
8/1/19,71517.00312,98588.06344,7833.842056,268641.1838,57711.49621,54344.48253,17114.33452,80142.89087,19099.26591,47193.99719,24094.66806,75328.44232,158139.069,48786.3401,36381.22774,28330.88897,110636.1594,163823.5895,95270.97086,25205.47539,250750.6828,144258.7003,243237.2017,127514.6855,251822.7308,6810.637767,72060.8363,53197.16874,21003.57699,37344.84764,114531.5355,17039.30579,129115.0483,97619.22815,123410.2083,181284.0265,65947.73057,75054.31156,29462.24562,115683.8057,38569.93861,36212.01742,49303.03089,24741.73788,98835.15767,26808.74272,80612.28742,67416.22113,170530.0821,25573.54939,67625.63965,29476.7976,129872.8054,21371.07908,100868.9196,13978.51053,18580.16492,123979.4226,41351.16903,49250.32742,56852.98835,140423.3858,112586.2511,7427.948121,140512.6912,15592176.81,46235.06994,14161.99909,128413.6512,21445.52835,78704.00722,32228.23893,123780.6073,84397.22711,35803.28553,212108.1361,121951.6486,132608.8539,146516.3394,111911.5072,128733.5489,150313.4564,112340.5558,21491.58114,25872.3575,27726.51395,117520.7886,406697.9631
9/1/19,71473.67683,98827.05049,7880.770873,270928.0711,58570.33192,54674.10537,17059.75588,79803.33179,18985.55306,47834.37281,23820.38525,75423.05152,157891.3779,49668.24834,35784.86607,28179.42472,112803.9671,163736.0343,95481.22799,25262.09752,250727.3224,143831.9956,243226.1971,128675.2882,251822.7308,6811.256406,72828.62084,52779.54543,21302.592,38329.0209,114283.3519,17233.18732,128537.7347,98731.77814,123218.6387,181057.5971,66230.09416,76588.80853,29679.62591,115549.4876,39394.76228,37299.03783,50164.55665,25042.79308,97385.73693,26881.27239,81683.57293,68159.46953,173241.8561,25568.87448,67270.18649,29924.16854,131176.7143,21509.33561,101660.0742,14168.82873,18534.86361,126958.3623,41184.95209,49074.8148,57295.00571,140224.8597,112694.0023,7388.610168,142639.0832,15543227.05,45932.00036,14289.73371,128154.7487,21576.50159,78486.94885,32162.48562,123767.0224,85602.46576,35500.35718,211887.3731,121629.3268,132546.6512,145742.366,111890.8888,128593.5855,150048.238,112297.2765,20696.85912,25907.65118,27921.57129,118771.7775,406633.8206
10/1/19,71871.82175,99274.71034,7981.621827,272269.0082,61232.92632,56578.59319,17172.31152,80340.50679,19094.00335,48098.81029,23516.47414,75805.89868,157687.0636,52129.2647,36622.73857,28157.51286,113819.2312,163915.1488,94729.94127,25651.00455,250738.1739,145206.7558,243235.3045,129233.3059,251798.3232,6774.269895,72422.7598,53301.57457,21444.25973,38622.82278,114436.9433,17274.12967,129343.0433,101539.1551,123380.4368,181353.7859,66590.07283,78960.00717,29928.2316,116319.9249,39522.54173,36825.71483,49910.76422,25543.29999,97785.57713,27141.0471,81689.31134,68579.84191,175030.6979,25786.46807,68061.31247,30020.69757,132242.5882,21628.30233,101526.9872,14308.04673,18731.92783,127334.5449,41510.56792,49450.66733,59881.69454,140611.0734,113025.718,7413.462372,143858.6704,15630186.19,46215.67873,14404.6595,129185.329,21895.35592,79030.59996,32345.95381,123754.1342,85639.89565,35767.32658,212024.0993,121779.5201,132629.8062,145679.4469,111913.8214,128602.9387,150043.2291,112295.5212,20222.39735,26040.72421,27919.28841,119252.5846,406683.9372
11/1/19,71910.09642,99443.90056,7935.745387,273901.4286,61460.56094,56952.50742,16909.68429,79982.22681,18792.40907,48166.82276,23686.27499,75651.36477,157675.0285,52752.48375,36406.29429,28149.00725,114348.2252,164178.169,95131.70282,25296.09038,250750.6828,144529.1141,243236.1573,129701.9999,251825.2997,6841.852518,72569.15747,53092.76292,21491.74225,39021.23051,114398.3909,17370.19801,128817.8074,101623.3658,123113.2765,182059.9896,65976.37411,79928.15884,30248.37646,115827.1723,39120.82206,37918.77796,50368.96638,27160.86276,97685.61708,26923.99295,81925.10324,68675.6173,176195.6133,25883.97207,67879.74977,29929.47288,132377.621,21714.67781,101678.7006,14459.84342,18318.891,127601.1589,41200.18533,49250.32742,59988.63135,141415.6631,113033.0734,7386.257164,144567.9984,15590189.14,45333.7143,14190.60881,127696.8335,21951.77448,78174.85874,31655.10932,123729.1888,87502.43709,35869.86057,211976.0949,121692.6399,132729.2313,145451.2452,111921.2426,128643.6644,150133.4961,112305.5621,20107.98302,25701.7024,28123.99182,119721.5946,406656.303
14/1/19,72163.94879,99741.10127,7947.591629,272178.7385,60693.37604,56935.84844,17058.63793,80583.25427,18903.12482,47739.93741,23566.54274,75511.43998,157806.1575,52077.99613,36228.55583,28128.43684,113039.5698,164473.0455,95248.52959,24878.57785,250738.1739,144117.0927,243250.6307,129656.8209,251823.3056,6879.763395,72427.89397,53928.00954,21491.13139,38536.04981,114553.9067,17354.50331,129032.7664,100881.8748,122883.0811,182519.7413,66415.31365,78812.65873,30196.87482,115773.0628,38978.48307,37705.22887,50542.74641,26914.64019,97835.55716,26885.53036,82249.98696,68597.99809,176305.2797,25905.42867,68415.69746,29743.48893,132128.0459,21522.45732,101488.8142,14771.01137,18149.13136,128146.0886,40682.32962,49588.59788,59310.86348,140976.1939,111769.6219,7397.416437,144703.2209,15554133.03,45535.46001,14320.06295,127837.171,21985.42404,78449.54142,31468.48006,123726.6132,87296.0599,35835.33641,212073.787,121946.2367,132816.2063,145852.0608,111915.886,128703.3386,150243.4718,112309.6984,19474.68722,26000.85139,28103.96619,119635.5896,406681.5553
15/1/19,72047.17684,99119.21107,7970.085003,271333.5198,59205.28405,55760.19999,17040.5102,80733.05843,18915.5302,47608.63858,23414.14785,75426.19322,157791.8802,50979.7118,36507.21381,28628.70711,112510.5205,164622.1395,95192.2726,24876.27776,250764.7254,144144.8745,243271.1709,128908.9279,251823.3056,6862.719257,72197.69904,53823.60371,21388.49079,38471.75749,114565.8889,17256.02671,129316.0864,100183.9524,122880.8582,182763.363,65843.78231,77465.67909,35955.3363,116174.0109,38571.99202,37172.43893,50649.42765,26730.53942,97485.69698,27039.82927,80931.55476,67855.28567,175169.4374,26090.71538,68261.44604,32679.64806,130754.5249,21128.38829,100514.718,15023.91101,18111.19302,128597.8166,40193.79498,49384.85586,58402.05061,140525.9783,111612.32,7381.777842,143271.073,15512783.49,45186.28906,14275.14649,128147.1587,21899.10537,78502.09652,31167.55596,123723.2481,86702.98817,36073.47917,212104.7902,121946.2661,132874.3383,145665.8893,111944.3283,128813.6802,150459.0877,112356.6478,19636.06966,25721.38722,27883.30698,119173.218,406677.7653
16/1/19,72079.15971,99792.56443,8037.567376,272456.3856,60523.78945,56241.70083,16952.05314,80705.2962,18541.24073,47912.70823,22721.48497,75468.43515,157799.9948,52295.39584,36149.03748,28654.05768,113229.7412,164749.8982,95579.0642,24991.13126,250750.6828,143353.7282,243289.2531,130380.5071,251850.2821,6886.153174,72412.23354,53713.28828,21446.82107,38647.98808,114521.5277,17370.57204,128941.0604,100936.9365,123175.2134,182842.7383,66090.91166,78294.98749,34942.46365,115597.2652,38016.77777,38509.61617,50979.4873,26793.83194,99684.8181,26868.53101,82624.40798,68391.13495,176339.9548,26087.12768,68268.35899,32212.75058,133628.6285,20715.57822,102519.2695,14567.75732,18235.81412,128132.8512,40096.13966,49963.67231,59994.94633,140737.6184,111312.6651,7396.711517,144394.2374,15477261.35,44669.10548,14731.85256,127299.6796,21978.61978,78231.95864,30932.88179,123728.1646,87496.74489,36125.96617,212093.5002,121851.5404,132991.6871,145368.4488,111980.2254,128942.2928,150653.3815,112370.2349,18674.57577,25559.66283,28098.57129,120015.8548,406702.3854
17/1/19,71802.14869,99556.60714,8018.741133,273020.0493,61278.81888,56860.86283,16946.48655,80800.44581,18691.19534,48021.09948,23216.19622,75537.18907,157552.1837,52566.31145,36670.87507,28518.02968,114400.7319,164699.5769,95702.07476,25233.75837,250750.6828,143198.7406,243285.1644,130716.3363,251823.3056,7045.400558,72348.57046,53079.3063,21672.17008,39263.12413,114465.3088,17418.30992,129341.0889,101404.295,122662.5856,182435.4204,66749.71208,79252.19069,34105.13393,115230.316,38437.38035,39499.34437,51063.85795,25971.95647,102483.6995,26844.79893,83823.76048,67982.58173,177713.8386,26233.92595,67865.3069,31650.35056,133495.5847,20954.90978,102458.0146,14784.42506,18110.09722,132255.5485,40518.96114,50123.13469,60145.35923,141061.3685,110860.2317,7478.31344,145550.6294,15522273.92,44741.10738,14747.12244,126961.4128,22378.81567,78188.13209,31023.40436,123729.502,87755.598,36311.24752,212048.716,121746.6566,132946.5975,145171.8538,111960.1803,128873.6951,150523.4101,112353.6993,19034.08255,25667.79909,28123.47929,120779.3498,406701.3652
18/1/19,71991.75844,99609.72551,8029.042821,273893.532,61099.43886,56165.60473,17263.62255,81469.00509,19018.86916,48070.67835,23349.15557,75398.5145,157560.131,52392.04488,37227.6126,28279.95801,114595.4254,164395.3013,95690.81231,25148.72186,250763.1916,143100.3839,243283.7508,131683.8893,251819.3518,6984.180563,71389.84204,53262.13247,21747.77966,39270.50998,114319.5433,17494.40865,129144.6719,101725.3452,122504.691,182078.8057,67408.20874,78766.40049,35056.6411,115033.2509,38453.55887,39416.08724,50711.28747,25823.75429,102283.7794,26620.27295,85725.46112,67633.04194,179322.7839,26104.49331,67631.68935,31772.99145,134330.8564,21002.08662,102405.149,14788.88836,17922.37176,136160.5352,40694.53666,50342.64872,60531.40354,141420.8215,109772.1016,7457.129467,146656.452,15560353,45388.35388,14397.00899,126476.8274,22546.575,77846.52754,31232.01255,123755.7849,88585.9443,36219.81949,211952.9124,121513.6106,132810.1513,145185.8034,111921.319,128863.2994,150433.43,112344.4602,18735.40381,25901.58186,28200.39272,121543.5994,406700.733
21/1/19,71744.59121,101610.5707,8147.254341,278312.0674,62695.73239,57610.79646,17413.4828,80690.04256,19082.33691,48661.52712,23068.52506,75431.46955,157174.1684,53894.61497,36919.85087,28501.41813,116875.4859,164200.142,95978.50263,25929.14383,250750.6828,142764.9567,243276.1933,133521.5992,251821.9207,7080.12634,71422.32476,53536.37172,22022.41751,40005.08244,114040.601,17737.97798,128714.2199,102901.5132,122675.0874,181706.0012,67781.95037,80321.38245,34801.22003,114454.8089,39362.0228,38825.69231,50922.70273,26577.75757,100134.6383,26600.54153,82170.14365,68980.48759,181960.0515,25982.91668,67491.61659,31929.81197,135894.9568,21261.04412,104533.8435,14958.19861,18008.16799,133357.0815,39935.18586,50946.61071,61489.35234,141353.3707,110660.1701,7477.297588,148333.1352,15607852.04,45841.55294,14592.33346,126215.8464,22933.33431,76930.12178,31519.00332,123786.4809,89399.15264,35868.61751,211746.1318,121126.7031,132703.6301,144459.9224,111914.3683,128693.5588,150283.463,112315.013,18446.01066,25913.34599,28567.22625,123366.9918,406680.5352
22/1/19,71744.59121,101610.5707,8147.254341,278312.0674,62695.73239,57610.79646,17413.4828,80690.04256,19082.33691,48661.52712,23068.52506,75431.46955,157174.1684,53894.61497,36919.85087,28501.41813,116875.4859,164200.142,95978.50263,25929.14383,250750.6828,142764.9567,243276.1933,133521.5992,251821.9207,7080.12634,71422.32476,53536.37172,22022.41751,40005.08244,114040.601,17737.97798,128714.2199,102901.5132,122675.0874,181706.0012,67781.95037,80321.38245,34801.22003,114454.8089,39362.0228,38825.69231,50922.70273,26577.75757,100134.6383,26600.54153,82170.14365,68980.48759,181960.0515,25982.91668,67491.61659,31929.81197,135894.9568,21261.04412,104533.8435,14958.19861,18008.16799,133357.0815,39935.18586,50946.61071,61489.35234,141353.3707,110660.1701,7477.297588,148333.1352,15607852.04,45841.55294,14592.33346,126215.8464,22933.33431,76930.12178,31519.00332,123786.4809,89399.15264,35868.61751,211746.1318,121126.7031,132703.6301,144459.9224,111914.3683,128693.5588,150283.463,112315.013,18446.01066,25913.34599,28567.22625,123366.9918,406680.5352
23/1/19,71268.66403,100813.809,8030.67322,275861.8139,61306.7444,56615.87207,17431.13002,81223.20506,18933.57221,48146.53269,22448.99982,75031.38734,157500.6563,52945.59174,36491.65402,28320.57974,115875.0392,164648.7215,95974.93021,25717.21482,250750.6828,142684.7165,243263.6942,131712.3091,251821.9207,6956.838425,70705.35183,53301.57457,22008.02764,39831.41327,114235.6773,17565.60536,128947.473,101402.888,122649.1718,182829.5058,66682.72544,79544.87462,30705.60522,114756.643,38775.02817,40054.29587,50405.77582,26409.83253,99517.78794,26202.25071,81808.03064,68291.73321,179171.1118,25881.04606,67249.85779,29933.77754,133071.9051,21303.31542,102486.549,14846.77124,17885.99921,130094.4207,39618.10975,50669.12167,59719.96717,141525.3013,109780.7815,7450.676769,146056.0232,15524299.06,45444.08384,14472.63598,125958.5739,22663.91446,76713.57633,31278.87347,123777.119,88451.53976,35613.26388,211863.4397,121463.7935,132849.9034,145222.2837,111929.2032,128803.068,150543.4057,112329.4629,20113.16211,26078.70296,28313.03464,121979.451,406677.7653
24/1/19,71486.70482,100828.9993,8019.92671,276185.4484,61002.31619,57063.69613,17636.06701,81931.92819,18926.30038,48338.80413,22455.46032,75038.85055,157549.821,52597.84433,36771.73079,27969.02805,116952.9789,164632.0963,95777.21111,25911.66852,250750.6828,142935.9233,243275.6288,131910.3618,251821.9207,6993.064474,71944.62546,53301.57457,22014.8229,39629.48524,114237.2434,17640.5955,128795.5178,101027.2882,122606.0813,182860.9183,66453.4444,79088.02954,30610.16319,114522.0605,38828.79781,40389.33096,50569.70922,25894.19756,99981.47273,26563.23564,82619.63116,67809.4027,178762.268,26081.62674,67958.25283,29528.51283,133316.5276,21544.82211,102889.9249,14721.50898,17693.17172,131076.765,39858.73765,51322.7871,58984.81402,141465.8822,109048.7399,7513.292543,145577.6548,15598707.54,45770.23759,14519.83604,126280.286,22833.05927,76965.77673,31304.67057,123765.375,88578.44104,35963.95002,211864.3225,121451.4899,132803.3068,144857.9564,111900.7341,128843.4263,150733.3638,112329.1047,19795.62092,26345.85796,28359.63574,122730.5197,406655.9151
25/1/19,71007.77693,101800.2223,8016.73372,278676.8876,61077.75047,56650.98102,17707.24249,81875.06852,18831.78909,48729.98875,22566.20819,74939.73752,157909.5194,53080.54195,36550.35039,27941.55455,117809.3981,165430.6629,96207.57911,26248.19339,250750.6828,141984.7528,243291.0913,131752.595,251822.7308,7008.658671,72202.4264,53197.16874,22110.77263,39947.11556,114395.026,17734.54265,128548.4739,101861.5303,123151.3894,185433.331,66179.51933,79002.92856,31755.87644,114545.2941,39505.24521,42063.87362,50559.89356,25377.65893,99300.77776,26508.25877,79221.29101,67615.8551,179808.1713,26099.82639,67706.43785,30233.19922,133610.0516,21332.48215,102928.9816,14516.45809,17867.62209,127710.9585,40268.20293,51247.463,59006.53896,140693.4873,108356.7688,7540.861423,146162.8603,15494464.92,45807.32895,14539.67709,126048.1211,22930.12779,76687.48274,31242.86771,123772.1323,88474.6206,36253.32084,211963.1342,121714.3802,132970.4926,145718.4763,111891.5961,129033.191,151273.2448,112351.6487,19247.06995,26094.35302,28398.99418,122351.5052,406659.7051
28/1/19,71862.83411,102594.588,8094.795415,281507.3158,61460.78821,57047.68893,18021.19773,82818.1072,19009.92616,49058.07668,22253.62211,75711.27777,157597.0721,53589.84492,37096.23068,28044.1095,119109.3839,165215.3803,95445.24692,26446.21623,250750.6828,143279.5142,243288.1278,133158.2856,251794.9442,7106.594889,71753.9733,53301.57457,22306.85899,40278.9662,114195.4039,17760.84717,130755.8082,102463.5375,122769.5727,184952.0147,68158.90256,79093.9114,30705.38468,114646.6373,40095.58158,41962.28604,50750.85795,24817.84467,99465.2275,26676.08003,80885.90937,67491.80248,182070.4083,26172.44067,68521.28585,30564.93205,135802.0915,21333.68986,103987.4315,14555.16873,17917.42692,132279.0693,41152.2872,51495.15394,59060.85893,141652.8408,108276.7595,7509.898573,148216.7707,15649775.58,46264.36135,13943.13526,126530.2679,22945.23508,78703.93483,31385.69129,123766.6421,88013.64196,36511.70098,211803.6162,121395.037,132883.9583,145094.9914,111904.9566,128923.341,151159.642,112344.3321,18316.64712,26032.9435,28405.1909,123514.7819,406656.9353
29/1/19,71758.66946,101738.2698,7989.28826,280774.4336,59929.06316,55505.05236,18185.14401,82533.15725,18973.18757,48911.33179,22495.86916,75537.4826,157632.5338,52127.82522,36913.10534,28009.4962,117602.1553,164910.0516,95411.33806,26214.77922,250750.6828,143443.393,243299.077,132018.9027,251798.3232,7031.315882,72258.509,53197.16874,22044.11037,39748.67836,114231.5924,17667.29182,130820.799,100408.8273,123093.0443,183537.6754,67268.61394,77149.9063,28837.48297,114750.9917,38470.65892,42939.98912,50946.61757,24910.41007,100034.6783,26497.57911,79867.07466,66901.10119,181416.7116,26104.41636,68444.07837,28872.39603,133878.6057,21441.85193,102986.5998,14222.95318,17740.96875,129019.4216,40715.24984,51160.72766,57114.07215,141593.7379,108709.4217,7477.666664,147343.3353,15626464.64,46165.63737,14332.24719,126617.2127,22705.76856,78847.77403,31215.78357,123786.4809,87918.66815,36368.93666,211836.716,121483.6629,132832.2886,145114.8978,111909.1652,128933.679,151120.4541,112334.462,19260.45952,25962.94729,28317.7509,122296.3959,406705.7875
30/1/19,71569.42212,102765.7502,8054.169198,280005.7995,61004.81548,57153.84427,18070.41039,81951.41463,18843.49332,49294.32398,22144.39329,75386.51363,157823.7763,53157.8906,37089.98196,28116.33168,118515.4933,165273.546,95490.7803,26278.31413,250737.8256,143536.7867,243326.0495,131887.1515,251794.9442,7009.491793,72127.51387,53197.16874,22195.77005,40049.27929,114405.7211,17746.8763,131648.8267,102294.4383,123150.8396,184589.6095,67919.27733,79385.58681,28851.97835,114763.2421,38542.87704,44205.02947,51106.01543,25048.54406,99984.69825,26792.76702,80722.89374,67783.11852,181732.1388,26136.29094,68398.91372,29008.51555,132681.9905,21453.64451,103100.5594,14081.64098,17589.79754,130563.7853,40868.43885,51165.83295,57574.12666,142095.3345,109255.2778,7511.220397,147221.1644,15615168.63,45967.54927,14208.98243,126223.7706,22957.78826,79403.41186,31194.31887,123797.148,88602.25685,36554.56087,211949.062,121781.8385,132899.7586,145566.161,111900.1371,128983.6033,151323.2338,112344.4602,19036.46163,25668.00005,28413.89852,122642.5854,406680.1472
31/1/19,72524.13571,103315.9452,8105.751965,279931.6298,61703.52143,57815.01769,18260.93899,82174.63237,19061.43876,49802.17678,21754.72027,76159.67099,158024.3495,54295.07255,37183.30707,28079.92245,120202.3092,165451.5825,95149.81871,25818.11894,250750.6828,144029.5165,243342.2127,134016.882,251798.3232,7054.354518,72154.78996,53523.37897,22300.72095,39996.3021,114610.8191,17830.56484,132450.453,103456.9905,123184.5441,185141.06,69260.61703,79736.74157,28627.05463,115066.451,38350.7911,45841.63166,51205.03847,24877.66788,99934.71822,27102.8431,80885.71911,68745.46774,182682.8324,25988.45433,69007.05503,28749.51049,136576.8328,21238.05156,103796.1517,14110.58047,17552.83229,132039.3608,40986.953,51298.69922,59335.59257,142819.0485,109650.1275,7578.45335,148669.4246,15651962.93,46069.81442,14036.11436,126228.3071,23208.1662,80444.38052,31124.95473,123803.592,88685.95263,37277.08393,212124.9211,122017.6183,132908.9121,145651.2813,111889.2176,129022.5753,151513.1919,112339.4611,18133.82841,25877.13383,28607.32404,124787.318,406680.5352
1/2/19,72780.25849,104005.2289,8093.395296,279715.3798,61173.70509,57444.46155,18108.80123,82193.2845,18801.82636,49940.76765,22102.50633,76227.26586,158395.7717,54111.46921,37204.42448,28080.05219,118193.1476,165771.7059,95271.99034,25825.20745,250770.2704,143628.0176,243376.7464,135231.9477,251821.9207,6912.202483,71171.19169,53613.31466,22133.87445,39390.08392,114849.2217,17868.19614,132593.723,102831.9624,123514.5478,186090.7778,69572.14525,79121.61567,28325.14283,115187.2339,39704.80543,45490.27599,50556.06281,24100.24482,99084.41269,27373.19184,80079.01766,69048.57781,183595.9777,26012.60462,69260.32437,28351.20705,138298.8689,21217.32518,104001.7119,14135.76136,18020.34888,130486.0438,41167.90882,51408.92597,58434.60869,142222.5955,109217.0411,7587.977426,150032.7509,15579364.93,45776.299,14263.55105,126197.5566,22980.65417,80509.35007,31011.48365,123838.7334,89101.12554,37573.48604,212323.1979,122412.6005,132972.2959,146768.396,111883.2708,129192.4395,152023.0795,112365.004,17103.2424,25855.13536,28804.75457,124890.5852,406701.3652
4/2/19,72558.03427,104255.0002,8101.671535,279541.3485,62624.85014,57843.31459,17928.53235,81990.58674,18913.21553,50102.30597,22100.86532,76461.65869,158191.2045,55195.63764,36781.31266,28117.65487,118737.8162,165581.7761,95289.04988,25075.5601,250766.731,143779.8567,243362.273,135192.6125,251821.9207,6867.180155,71260.60646,54972.06782,22100.33923,39673.27463,114496.1424,17872.5845,132286.9451,104194.5236,123313.7778,185083.7767,69304.675,80392.4306,27342.89281,114558.9185,38893.3218,46087.29622,50511.11612,24030.36519,98035.47726,27265.71062,77155.74473,69550.16874,184004.0323,26019.4401,69091.13251,27470.28602,137509.039,21299.13187,104011.9353,14454.19229,18335.12763,131913.4334,41364.21536,51309.37206,60110.23021,142494.6477,109675.8332,7586.985132,150238.5932,15694311.43,45906.82885,14115.40203,126090.7305,22916.75591,79774.50818,31206.36639,123840.7353,89033.27739,37396.11083,212115.9699,121911.5434,132981.1849,145982.342,111914.1086,129113.445,151685.2387,112349.0584,17090.88529,26240.76624,28866.03995,125034.6675,406701.3652
5/2/19,72313.05737,104839.9843,8125.813344,279813.4261,62557.06714,57930.3593,18076.00335,81724.9949,18951.57664,50150.20426,22621.26659,76291.77752,158050.3349,54603.01421,36334.62201,27910.05919,118769.7208,165418.9144,95543.72988,25576.45057,250764.7254,143462.8847,243348.6486,136038.3459,251798.3232,6874.618354,72222.76734,55285.28531,22243.61241,39889.44442,114401.9854,17949.0622,131617.4231,104119.5203,123040.3991,184934.1464,69882.81911,80161.25886,26676.44992,114078.3029,39616.71517,46879.51355,50808.79786,25244.90982,97434.42675,27181.5295,76115.83726,69669.31349,185793.4687,26016.58646,68917.12918,26717.87638,138851.4002,21358.20975,104349.2816,14436.67723,17853.08617,132995.9431,41095.04995,51057.56117,60581.97816,142600.2701,109664.1923,7575.790122,151731.8378,15710332.26,45946.08766,14380.27703,125732.924,23027.64332,79249.50912,31071.48078,123821.6603,89699.54953,37088.59909,212015.9381,121679.0951,132931.7267,145201.7142,111890.3517,129033.4651,151508.153,112339.4611,16627.18255,26317.37127,28941.95689,125889.0285,406700.9772
6/2/19,72392.41548,105960.3826,8097.606889,284006.067,62070.33281,57808.35414,18229.60424,81160.44532,19024.54495,50717.48939,22505.54604,76199.0072,158166.9752,53762.29375,36721.22513,27896.06979,119589.3764,165418.7621,95790.20709,26156.35019,250750.6828,143114.3622,243362.6975,136540.2177,251797.7484,6925.884347,71877.38062,55076.47365,22524.4264,40447.88757,114517.2167,18147.47861,131941.3547,103556.995,123493.4663,184850.4954,70435.37383,79761.93217,26775.06772,114079.6305,39364.2312,48350.2986,51059.28546,24600.84479,98445.9565,27238.96398,75013.72154,71099.88287,186354.6056,26107.92275,68993.94117,26894.31389,140201.5836,21478.89407,104547.7196,14578.08448,18019.87673,134944.6876,41065.42861,51694.13656,60069.68318,142609.1506,110234.9158,7577.789556,151804.1552,15687964.52,46022.97512,14354.92657,125478.8712,23307.27008,79468.97357,30949.80235,123836.7024,90619.32291,37253.28572,212063.0068,121888.4335,132859.0878,145676.459,111865.8917,129072.784,151638.4097,112339.9658,16941.65383,26390.52821,29283.32993,126583.9302,406700.9772
7/2/19,71259.09229,106831.6795,8097.394598,282555.1614,62438.78287,57866.83838,18541.72381,81077.65247,18979.12058,50664.66804,22807.48172,75784.80958,158087.8244,53851.69384,36835.91388,27838.77866,120567.9444,165569.2945,96116.40122,26299.48734,250750.6828,142577.0543,243338.6885,136419.7078,251797.7484,6989.587162,71552.99932,54763.25617,22583.92931,41088.52846,114532.7074,18149.30806,131093.0866,103707.0017,123619.4447,185421.847,70659.30221,80180.26597,27002.01731,114053.44,39621.25237,46334.27024,50838.46717,24370.44112,98980.58201,26940.69265,77048.27918,71013.25234,186352.4149,26064.79262,68375.93133,26831.86791,139888.8054,21125.0663,104268.0354,14349.39539,18091.90087,134236.0545,40325.39113,52234.10227,60980.64317,142333.9188,109886.8339,7534.178873,151715.2056,15625764.84,46105.73948,14443.01206,125203.956,23359.67442,78488.90203,30913.99714,123841.1156,90404.38768,36749.98308,212049.3126,121905.4025,132888.113,145778.43,111856.0965,129103.2017,151773.1346,112340.0085,16728.55113,26332.89964,29349.27135,126599.6139,406701.3652
8/2/19,71072.24019,105705.6655,8001.85921,275924.1255,61595.56382,57450.66518,18497.90224,81129.0032,18803.28019,49975.3759,22530.22379,75243.29476,158663.6422,52590.78582,36922.10563,27967.91522,117090.1496,166388.7856,96316.49131,25441.13414,250750.6828,142235.6014,243406.8186,135183.6947,251824.7249,6851.076078,71626.13572,54345.63285,22176.25815,40617.61253,114710.8764,17936.90559,131321.377,102556.9501,124032.868,187067.4775,70834.71784,79794.31332,26195.54151,114145.7118,40287.68169,46584.54108,50730.85147,23814.4696,98189.9227,26815.29663,73046.32793,70428.41697,185340.0477,26056.84317,67572.89255,25807.25755,138010.4223,20998.7958,102829.7386,14312.2542,17990.46,136180.9391,39966.61667,51708.32077,59811.56224,142054.739,109604.0213,7540.091416,150500.7458,15587750,45671.30894,14254.21846,125157.6567,22989.74322,78788.73351,30545.47286,123904.2896,89535.18148,36539.04333,212198.9037,122200.8073,133208.9492,146388.0047,111909.0225,129262.1758,152250.2565,112354.4584,17386.08476,25646.25099,29089.87998,125611.1079,406701.3652
11/2/19,70911.74614,105410.6596,7992.282492,273593.1686,62044.98365,57888.31859,18517.0743,81064.77363,18715.07501,49856.65871,22356.12707,75448.59392,159189.4626,53061.99905,36830.55458,27950.7483,116319.7399,166676.9958,96401.8268,24854.0267,250750.6828,141987.8178,243445.1685,135210.267,251794.9442,6806.109068,72079.11227,54972.06782,21950.93158,40484.11076,114805.8675,17901.38911,131768.8577,102473.7536,124327.85,187855.5659,70338.92301,79863.87098,25879.67675,114196.5328,39633.21474,45918.11542,51172.63062,23358.42508,94486.89546,26780.36482,69981.54046,70096.73497,185257.457,26098.87418,67546.15076,26319.66972,138144.9929,20701.8194,101544.5346,14195.25963,18146.68905,137981.6701,40153.16177,51199.67231,60618.2733,141437.671,109531.4609,7558.501165,150660.1576,15540451.99,45734.01933,14182.17348,125412.7342,22755.12036,79121.98173,30626.62098,123910.9858,89666.46204,36601.13009,212252.5592,122328.6846,133283.3264,146823.0631,111914.0013,129362.9456,152630.2316,112364.6885,17138.95813,25893.43594,29125.84627,125261.4532,406721.8072
12/2/19,70681.8951,105997.8416,7950.10947,275001.7315,61499.872,57850.13776,18133.34035,80561.98503,19017.83046,50110.94383,22652.62436,75219.41555,159033.2297,52637.59377,35799.5206,29483.07974,117462.5449,166249.2079,96840.87459,25154.20812,250750.6828,141356.8726,243420.6794,135380.7185,251794.9442,6870.023236,72368.9894,55389.69114,22199.34769,40647.31857,114658.6031,17947.34886,131101.1046,101317.5191,124084.6316,186097.2877,69734.21418,79296.96514,26573.8234,113569.3187,38756.78959,44244.21099,51310.36455,23633.70813,93987.0952,26549.81071,71523.08354,70678.22232,186329.5102,25782.88509,67421.12994,26706.24989,138298.4503,20519.13234,102103.052,14099.33369,17748.96537,135893.9348,39332.8038,50912.58654,67439.43923,141476.4268,109709.747,7550.367667,151817.271,15562451.56,45256.19892,13988.75767,124868.4211,23052.05499,78588.18998,30499.44357,123913.7773,89831.05987,36037.07148,212164.7437,122134.4182,133169.4993,146391.9643,111890.3517,129343.5069,152343.009,112364.4566,17001.69214,25940.35258,29109.56923,125155.5273,406698.5953
13/2/19,71004.98035,106492.4518,8027.579609,278393.9355,62499.19624,58590.92464,18205.8227,80799.79175,19317.53389,50541.91486,22708.41695,75583.99973,158883.2778,53532.18986,35525.79035,29734.66912,118655.9731,166103.7662,96530.76876,25355.34387,250750.6828,142026.0776,243408.1804,137199.0847,251798.3232,6917.028563,72172.8047,55807.31445,22252.33087,40514.7209,114588.4726,18061.50398,131516.4017,102904.9814,123963.3953,185737.9024,69361.85358,80030.88876,26609.21102,113456.561,38896.30664,44198.88091,51118.63727,24176.4213,93648.51917,26935.42802,70797.05141,70766.45236,188560.7696,25849.15951,67400.72031,26881.47275,140345.1874,20484.62081,104452.6443,14379.66327,17862.73042,137929.1919,39784.05832,51422.58056,68146.51115,142537.4738,109921.1436,7544.850687,153830.6247,15658411.13,45881.38893,14184.45877,124623.0054,23267.20993,78695.57462,30925.13938,123915.399,90517.64136,36181.4192,212103.3832,121995.885,133105.1271,145991.5255,111884.5084,129253.3766,152103.0619,112363.7402,16657.49706,26119.60254,29297.05422,126977.8651,406698.5953
14/2/19,70943.13826,107106.071,8001.595109,279247.5059,63603.59711,59503.60905,18209.71969,80487.68136,19324.28996,50704.34694,22864.05083,75511.6814,158826.1092,54417.57075,35705.63703,29576.76036,119345.1503,166180.6009,96946.58249,25560.3061,250763.1916,141245.0164,243384.7322,137517.2591,251798.3232,6955.401159,71725.58735,56224.93776,22434.25565,40751.54414,114415.8695,18158.97219,131070.7869,103948.1584,123906.4044,186214.1597,69415.50745,81285.62167,26041.25495,112908.2964,38410.0642,45925.87117,50776.58773,23928.23065,93137.43477,26607.00878,72627.28551,71242.21625,189339.6522,25622.97386,68081.99102,26401.59712,140419.7414,20516.56125,105501.1206,14059.85607,17882.79976,137136.9367,39365.78697,50961.91422,69414.91351,142061.6449,109680.7336,7474.192499,154183.8414,15638407.67,45844.66965,14088.69376,124256.8105,23371.41921,77925.39343,31423.33386,123896.7074,90939.15131,35466.31874,211960.3023,121745.3466,133093.5217,145684.5982,111870.0137,129223.3237,152103.0619,112359.4148,16667.41268,26339.26859,29452.67804,127512.9813,406700.9772
15/2/19,71040.95774,107174.4985,7984.254831,277390.0272,64467.74307,60156.58535,18148.17684,80135.69566,19125.50671,50629.60401,22704.85487,75268.56267,159102.7431,54774.64166,35870.99959,29058.92285,119866.1622,166531.7219,96878.51011,25689.25539,250750.6828,141493.1755,243414.2435,137169.9441,251821.9207,6867.836487,72072.27053,55911.72028,22399.13962,40735.74427,114665.0245,18129.74379,131456.6841,104113.2848,124284.0137,187420.3435,69294.30168,82691.69424,25899.17031,113361.0018,38086.81528,46386.87503,50933.89491,23490.3715,92035.61117,26663.92521,71956.8201,71639.40095,189014.6892,25849.70174,68409.26701,26177.86871,140329.2989,20348.98803,105084.2696,14104.44957,17647.92483,139321.8609,39427.06503,51059.96109,70754.23181,141887.4979,110514.312,7449.599679,154394.8184,15598130.95,45180.5235,13908.5341,124672.0605,23557.37262,77978.27193,30951.52655,123909.7187,90648.95259,35255.96977,212111.5631,122177.0832,133127.066,146616.3893,111865.0911,129273.2183,152353.0068,112353.742,17049.64822,25491.75979,29464.89943,127143.0969,406698.5953
18/2/19,71415.68624,107984.6656,8096.638106,282352.839,66510.38143,61408.90478,18174.04096,80743.78831,19124.87878,51642.79983,23379.7992,75502.83882,159020.2354,56036.60139,35941.14872,29029.72465,122342.8862,166421.8036,96716.53979,26218.3755,250752.34,141480.3799,243410.5794,138697.3771,251821.9207,7102.729523,71216.56997,55911.72028,22691.43745,41167.07419,114560.1516,18417.09515,132454.1541,105819.815,124069.0707,186316.0434,70446.74793,84735.00352,26274.13855,113486.2796,38182.50643,44750.59806,50839.49495,23834.54995,93984.51479,27000.03653,72461.67306,71659.28889,191468.1508,25853.8853,68654.45049,26586.48384,141156.8623,19951.1929,105803.5528,14010.94795,17280.53459,141109.8097,40473.6594,51591.53253,73002.1173,141832.2405,109593.1263,7503.918043,156835.0563,15596135.67,46086.55976,14567.30728,124709.1351,23756.06964,78790.52275,31062.61364,123901.4338,91802.05386,35425.36635,212042.6637,122057.7872,133154.5857,146531.0241,111889.5315,129253.5934,152243.031,112375.0022,16352.5688,25359.18507,29901.56793,129257.4481,406697.5751
19/2/19,71415.68624,107984.6656,8096.638106,282352.839,66510.38143,61408.90478,18174.04096,80743.78831,19124.87878,51642.79983,23379.7992,75502.83882,159020.2354,56036.60139,35941.14872,29029.72465,122342.8862,166421.8036,96716.53979,26218.3755,250752.34,141480.3799,243410.5794,138697.3771,251821.9207,7102.729523,71216.56997,55911.72028,22691.43745,41167.07419,114560.1516,18417.09515,132454.1541,105819.815,124069.0707,186316.0434,70446.74793,84735.00352,26274.13855,113486.2796,38182.50643,44750.59806,50839.49495,23834.54995,93984.51479,27000.03653,72461.67306,71659.28889,191468.1508,25853.8853,68654.45049,26586.48384,141156.8623,19951.1929,105803.5528,14010.94795,17280.53459,141109.8097,40473.6594,51591.53253,73002.1173,141832.2405,109593.1263,7503.918043,156835.0563,15596135.67,46086.55976,14567.30728,124709.1351,23756.06964,78790.52275,31062.61364,123901.4338,91802.05386,35425.36635,212042.6637,122057.7872,133154.5857,146531.0241,111889.5315,129253.5934,152243.031,112375.0022,16352.5688,25359.18507,29901.56793,129257.4481,406697.5751
20/2/19,71660.0773,107721.8397,8105.553208,282755.0319,66432.32203,60995.45041,18055.64618,81780.59284,18882.5797,51655.66123,23493.39397,75707.13955,159130.8445,56399.85834,36088.41804,29398.89602,121849.7405,166481.2726,96363.05548,26315.74237,250763.1916,142087.4501,243480.8238,138855.5631,251825.2997,7022.608193,71952.47192,55598.50279,22653.64033,40697.57852,114696.783,18412.08532,134384.9425,106131.1988,123990.5238,186687.0219,71725.8498,83955.6569,26570.06342,113275.3977,37866.75597,44132.62504,51421.71632,22586.92835,93644.00344,26839.82998,72774.27005,71286.93926,191685.294,26017.58641,68798.63898,26890.97347,141255.8394,19949.32782,106518.1761,13734.89776,17750.80869,145675.0856,41128.37263,51328.63674,73083.4608,141834.5619,108521.8669,7566.638958,157453.0989,15689391.19,45721.65128,14812.63921,125191.7618,23663.60122,79868.71615,30931.10981,123893.9127,91903.86155,35521.02446,212133.1726,122263.5628,133170.9627,146924.7247,111890.6656,129303.209,152343.009,112385.7796,16410.8145,24573.33044,29878.23408,129359.0986,406698.5953
21/2/19,71654.65484,107869.6135,8138.133727,285207.4706,66974.29689,61459.24712,18174.06857,81673.86815,18962.35634,51883.92448,23161.83534,75962.10331,158925.8982,57092.55455,36080.76249,29121.67342,122057.8206,166568.3205,96372.27989,26156.70946,250763.1916,142044.5367,243502.1613,139318.4357,251821.9207,7048.556328,71946.46898,55911.72028,22826.45336,40887.17058,114681.6633,18514.91723,134304.1337,106770.3039,123959.7371,187018.7141,72862.57419,84591.47289,26532.26678,113021.7753,38068.97579,42386.13649,51682.35238,21128.18059,93837.15513,26783.49667,73872.93343,71799.92098,192729.137,25926.91551,68594.88035,26837.01542,141431.7063,20381.65396,107002.7154,13670.86516,18007.21171,146231.2938,41518.28524,51918.43454,73936.76722,141884.5579,108727.1436,7592.258808,158294.9587,15728340.64,45799.14181,14969.19762,125195.5566,23806.74106,80468.08795,30908.40045,123889.6897,92322.96699,35669.27811,212099.8,122219.4367,133182.243,146623.8562,111880.0894,129353.1976,152532.2023,112389.4521,15622.59951,24183.30883,30019.39728,129771.7247,406697.5751
22/2/19,70989.3461,108185.9066,8182.544704,285186.4718,67115.50037,61924.58566,18494.80796,81642.1657,19228.26958,51842.55283,22728.40672,75686.35333,158985.5826,56918.78981,37077.62401,29493.24586,121473.694,166174.4882,96450.27698,25974.01081,250763.1916,141974.311,243473.2145,138808.1037,251821.9207,6952.896649,71598.27562,56120.53193,22761.93457,40367.97795,114466.2464,18444.64207,132667.3706,107053.2527,123685.6185,186165.902,72636.3943,85273.32848,27070.7096,113137.9913,37333.67216,43753.11881,51410.36249,22382.15331,93537.27497,26586.21676,73274.22919,71353.1799,192019.1906,25855.87506,68127.01864,27273.77861,140800.4838,20835.29948,106886.1965,13774.90206,18050.17106,143496.4537,41244.39473,51589.58975,74140.63439,141843.3275,108700.994,7589.982446,157812.0996,15683881.12,46216.37854,14780.52413,125090.7574,23711.60872,79493.43367,30998.00899,123882.8622,92589.23376,35637.62871,211984.7337,121877.634,133003.266,145710.8543,111854.1949,129223.3846,152233.0332,112359.4575,15904.56967,24572.1488,30017.73233,129293.7319,406676.7451
25/2/19,71321.70662,108230.9718,8193.977219,286349.2856,67241.96292,62122.8309,18516.60843,81726.23413,19218.25136,52059.79211,22874.76748,76098.1609,159331.9863,57236.48875,36455.7489,29848.53849,122222.3366,166648.6803,96413.41569,26225.12733,250763.1916,141912.5445,243487.6879,139441.6974,251798.3232,6937.826423,72627.95494,56224.93776,22807.36594,40434.03407,114664.0196,18511.49672,133170.8605,107488.9667,124204.9444,187687.4952,73586.81169,85169.74943,27384.63063,113150.5691,37574.54716,42938.41404,51534.54011,22221.92586,93587.255,26597.23089,72376.60891,71634.2087,193324.0461,26034.99603,68391.75096,27315.71449,141672.7657,20789.24347,107088.6673,13707.36234,18282.81943,146436.9428,42349.46874,51582.02024,74060.91196,141686.1719,108585.3448,7627.163668,158875.8297,15689720.79,46206.87593,14894.89138,125189.5925,23815.13719,80065.76384,30951.2629,123899.2417,92837.90124,35648.37492,212113.2979,122136.1009,133142.4561,146538.9255,111874.9936,129343.5693,152562.9605,112364.0984,15246.35396,24606.67833,30062.81538,129911.5883,406676.7451
26/2/19,71737.12355,108388.8976,8146.16364,286616.4737,64959.61143,60578.85363,18409.82424,82034.51495,18972.0984,52098.63125,22563.22965,75871.91045,159206.2477,55437.47348,36536.17433,30255.1166,121996.7951,166427.2124,96271.32095,26289.35239,250777.2343,142292.5162,243474.0636,139864.4833,251798.3232,7042.261694,72845.26253,56120.53193,22857.33401,40740.648,114587.6494,18499.81096,132953.1758,105076.7812,127262.2658,186662.1971,73801.12614,82916.25335,28239.08582,112761.2315,37510.2246,43581.02549,51693.32023,21508.69736,93553.07484,26736.07907,73192.01547,71526.85492,193401.3446,26070.31464,68892.65196,28142.97233,142486.3657,20665.28309,107767.0285,13587.1346,17932.29503,150696.7359,42837.66328,51653.89192,71784.50666,142072.7434,108477.8994,7600.849563,159093.9759,15791396.93,46263.85841,14566.55041,125207.3155,24049.03128,79912.09913,30948.31264,123889.1161,93050.25327,36125.62721,212293.7782,122034.747,133064.6533,146072.0332,111868.9229,129323.3901,152492.4979,112369.4557,15567.09323,23555.60364,30076.22028,130517.8199,406689.1772
27/2/19,71886.37262,108510.9946,8113.224143,288255.6778,65473.10478,61150.31655,18228.14867,82953.73123,18777.30987,52250.96647,22764.00504,75932.96646,159061.4543,55655.26861,35967.92163,30593.95627,122066.8112,166333.2083,95935.87842,26202.51179,250775.7005,142610.7806,243514.6604,139563.1626,251798.3232,7073.13381,73444.17343,56538.15524,23067.67531,40996.26737,114897.7456,18594.52973,133026.1773,105482.6824,126859.3379,186382.3779,73750.49988,84145.79671,28116.04702,113230.1302,36306.27209,43102.62105,51967.27038,22316.18218,94786.77561,26603.13708,75258.10345,71176.32677,191630.4143,26020.05362,68972.08949,27787.16389,142284.1204,21316.0696,107518.8147,13367.61126,17824.95453,152161.0736,43147.03673,51585.3807,72609.7118,142320.6589,107303.2236,7584.897337,157695.3892,15744507.89,45852.45577,14397.41199,125236.9287,24061.308,79856.25568,30726.87181,123877.372,93701.20262,36100.98939,212409.3384,122625.7511,133059.4704,146089.3637,111856.6837,129323.5123,152522.9693,112354.4584,15828.30292,23408.29627,30133.01149,130170.4027,406677.0612
28/2/19,71436.50477,108071.3028,8163.919469,287117.5363,66475.11942,61798.93322,18075.14318,83289.41141,18677.07285,52150.48201,23126.54908,76095.89226,158888.8088,56951.2715,36191.64185,30615.42199,121150.3687,165784.0184,95994.56952,25908.72436,250775.7005,142402.6809,243499.6261,139612.717,251798.3232,7175.514712,73646.47111,56433.74942,22908.83262,40955.76763,114701.3782,18552.14367,132152.7933,106569.9646,125946.0714,185025.5204,74136.59233,84842.58923,28119.83241,112787.2906,37133.0539,42973.17349,51946.8171,22300.67353,95136.63579,26749.1374,75871.64677,70776.1639,192012.2469,26011.1271,68458.59364,28052.606,142202.4177,21126.68759,107687.1696,13290.31189,17474.95976,147970.4151,43610.80064,51655.04967,73744.67693,142251.0431,106791.023,7568.510296,158085.8483,15784315.09,45854.56006,14516.45344,125099.8348,23843.26952,78989.68113,30930.28042,123865.4378,93308.64958,35819.98177,212311.8874,122231.5961,132842.1194,144917.1753,111836.389,129153.4664,152006.8298,112339.1029,15774.53228,23350.77564,30143.61544,129947.0008,406689.1772
1/3/19,71011.15826,108197.8625,8127.059762,288062.0451,66371.58692,61856.76735,18163.13045,83018.29012,18519.2953,52322.41351,22458.65117,75987.61516,158995.5441,57197.48188,36433.51815,30500.85905,122515.8165,165345.8476,96084.07148,26013.96057,250775.7005,142379.7899,243488.6769,139327.0743,251798.3232,7201.18221,73027.00627,56016.1261,22993.46441,40544.55527,114521.9177,18578.5583,131653.2734,106555.8729,125755.8125,183942.9013,73692.43126,85179.25307,28106.37389,112322.2913,36950.86564,42939.25725,51903.7252,22387.42674,96086.25627,26602.81443,75706.72596,70643.06667,191185.1789,25894.87895,68100.36993,28109.37773,142087.7301,21273.27067,107199.8814,13178.23751,17613.77534,149894.056,43684.37915,52042.84774,73622.57722,141848.5993,107268.921,7565.769838,157607.6925,15847422.2,45530.23135,14305.02578,125439.3144,23862.79219,78379.59962,30604.12613,123872.9589,92924.45307,35453.93259,212169.3848,121899.3959,132738.4272,144537.1462,111825.4762,129083.0536,151763.1368,112334.462,15684.32247,22965.3616,30131.90705,129614.8367,406689.6873
4/3/19,70811.90865,107855.6066,8113.668965,290664.3793,65030.31187,61231.93257,18159.25287,82681.68942,18642.74608,52753.66128,22171.04521,75293.94575,158471.0883,55858.78703,36966.7585,30391.18615,123255.4553,165168.8669,96354.55286,26378.37099,250775.7005,142280.2588,243462.129,140206.745,251794.9442,7219.358122,72470.01475,56329.34359,23126.61596,41656.26365,114270.6097,18722.11194,129364.1921,105318.6868,125782.0716,183267.8196,73292.41045,83972.70567,28600.1724,111794.1416,37604.20457,41890.69365,51793.10378,22629.64524,96814.99595,26435.57592,75540.17341,70904.47682,192651.4736,25886.74938,68034.94808,28481.05211,143052.6823,21049.15655,108634.9825,13191.7391,17402.21887,150077.8025,42970.6989,52436.5149,72652.87602,141887.0625,107692.637,7563.757938,158855.0094,15903303.21,45567.87023,14139.35074,125260.0369,24144.97909,76016.50608,30715.08083,123870.3543,93538.32968,35072.05564,211962.9145,121548.5275,132648.1316,143607.7669,111782.3661,129033.3755,151673.1566,112319.1065,14934.834,22841.65237,30322.58241,130182.3068,406689.1772
5/3/19,70932.7556,107736.0487,8074.603088,288903.6165,65659.08908,61983.45362,18056.23551,82487.43189,18738.36072,52738.82643,21555.04991,75151.80643,158491.3789,56526.25119,36518.17819,30228.51803,122914.0394,165660.4221,96516.1938,26487.44418,250775.7005,141919.6074,243448.641,139540.9231,251797.7484,7201.296029,72499.29013,56329.34359,23283.58984,41588.45879,114447.01,18667.57805,128776.5373,105715.7597,125996.9946,184428.1516,72874.81019,84504.46417,28565.23221,112021.2491,36495.20721,40193.78847,51299.87941,22933.49373,97775.25547,26415.36676,75065.77402,71153.3314,191371.1747,25864.16543,68218.80622,28599.33398,142791.6609,21374.10537,108436.7059,13246.54288,17525.35574,148717.689,41775.50887,52956.44748,73522.44225,141525.3535,107527.9298,7573.165757,157464.4494,15826627.58,45819.73102,13858.05567,125298.6769,24160.45661,75671.66687,31058.13307,123878.449,93175.20551,35151.09286,212038.6276,121872.0189,132787.2076,144262.6509,111799.5852,129113.3541,151933.0993,112330.2421,15511.14761,22798.00385,30328.94839,129055.6594,406689.1772
6/3/19,70873.65277,108247.1289,8096.437097,290401.4403,65847.66498,61431.23737,18013.34503,82451.47165,18774.84208,52886.652,21581.09705,74933.90572,156738.4865,56597.76608,37359.22754,30232.29312,123658.4946,163224.366,96750.50898,26606.98947,250775.7005,141492.0038,243434.3038,139474.3223,251769.9618,7183.773959,72161.32057,56329.34359,23207.13121,41243.6411,114453.3678,18764.37428,128774.4366,106109.6844,125915.5676,182922.9697,73405.61416,84668.3199,28864.06692,111832.8888,37385.36215,39511.84076,51533.23127,23186.06996,97595.65096,26453.72272,73877.83944,71676.49529,190880.4399,25940.95306,67993.43946,28865.70861,143165.2829,21442.67859,107725.6088,13297.45774,17388.44809,146891.7086,42017.49777,52788.73157,74184.22158,141909.7698,107337.7081,7583.328844,156928.391,15808381.5,45695.6755,13939.81698,124596.076,24266.04674,75852.57717,31002.36355,123871.5016,93636.16557,35289.65407,212002.5107,121906.6122,132093.0054,144299.4758,111755.3074,129123.2591,151931.761,112334.6939,15590.13783,23149.86324,30509.82006,129024.7435,406687.7923
7/3/19,70324.05677,107595.5917,8081.696001,289275.4341,65911.70858,61733.48849,17873.95069,82483.4863,18602.92088,52728.8636,22421.11287,74441.22608,157014.7442,56145.3988,37083.2563,30315.96981,123721.8888,163634.5286,96769.55275,26346.93994,250775.7005,141539.3729,243450.6154,138634.39,251769.9618,7179.569546,71779.88533,55911.72028,23151.73348,41234.72418,114607.3506,18711.22224,128789.4598,105528.915,126627.0945,183674.6971,73155.11432,84548.83721,28524.94515,111958.4654,37061.82314,41354.70468,51540.74012,22810.32251,96978.80058,26011.95087,72987.47893,71818.95849,188269.3753,25801.85315,67695.76415,28527.64803,142273.1634,21768.54331,106949.2608,13461.51563,17389.80106,149569.0251,41427.1139,53115.0838,74992.78443,142028.5783,107345.1304,7558.359637,153855.6588,15802980.91,45105.06143,13624.66704,124529.2845,24315.97657,75627.58466,30605.4367,123884.7029,93469.90476,35011.89614,212135.8557,122170.3098,132274.6967,144912.6137,111799.6589,129312.3465,152418.9763,112374.0966,16078.17201,22461.85673,30481.32743,128362.8476,406687.4762
8/3/19,70150.97289,107247.0589,8064.238307,287393.3556,66222.67414,61771.56053,17803.85859,81796.55228,18237.59472,52509.32693,21807.73895,74337.7844,157438.7478,56596.03439,36498.85343,30158.63746,122173.5246,164496.2825,97583.51357,26218.45088,250775.7005,139936.245,243463.1144,137472.9586,251769.9618,7054.153982,73140.61923,54867.66199,22993.23723,40824.04846,114857.3515,18647.13862,128557.5567,105632.5076,127416.3776,185347.7265,72824.37222,84276.26481,28751.81347,112070.4846,36349.98956,42435.5404,51574.24963,23078.66698,96186.21632,25767.17494,71973.76824,71444.48964,186538.2634,25540.11888,67552.59648,28674.83289,140497.026,21558.99173,105601.8687,13257.4014,17493.65159,148273.4891,40701.90196,52784.69007,75585.19249,141441.2746,106926.5045,7531.311568,152320.5778,15590754.78,45138.86685,13596.62061,123601.9778,23958.07869,75311.72906,30645.85766,123897.0207,93100.40818,34356.21415,212315.8433,122585.633,132582.3419,145683.0561,111854.6496,129620.8187,153332.7908,112429.4449,16854.45192,21880.19281,30487.19361,127278.5498,406700.2964
11/3/19,70444.61213,106081.1235,8024.386619,287065.9116,65506.50495,60214.36839,17799.33324,81421.62021,18202.53407,52480.26738,21990.60882,74589.97423,157623.6878,55860.89458,36754.41814,29949.04595,121665.6391,164584.8068,97310.19501,26295.97296,250775.7005,140507.977,243481.6802,137206.338,251769.9618,6950.562495,73989.57962,54345.63285,22759.01678,40700.11908,114915.2918,18563.7835,129973.7383,105276.1666,127105.3368,186533.3971,72502.48513,83746.61329,28609.49133,112559.8674,36984.44155,43716.18568,51871.17483,24262.77342,95465.20753,25829.8216,71326.16601,71031.73374,186086.8318,25640.98523,68070.56151,28699.34671,140261.3438,21656.50249,104634.6381,13170.42734,17423.89281,146855.588,40994.07243,52043.90403,75474.51748,141561.4083,108078.7235,7522.64048,152415.6502,15611318.7,44795.45311,13638.94236,124086.3026,23733.19974,76798.01975,30373.27951,123905.4956,92921.89832,34606.645,212346.1009,122679.8958,132526.4134,145849.8631,111840.024,129563.2936,153512.7511,112428.7285,16751.8764,21985.89976,30398.87972,127288.7194,406699.7863
12/3/19,70676.18301,107173.3813,8025.734667,289373.3724,66622.9646,61232.8486,17787.81591,82188.74784,18083.00059,52754.12079,22030.73258,74612.2635,157740.4588,57165.99726,36588.67619,29876.22908,123121.4158,164424.441,97160.01858,26671.82729,250775.7005,140629.8869,243445.253,139369.2423,251773.3407,7081.718948,72919.80298,54345.63285,22747.55388,41088.10441,114863.5765,18696.82907,129313.6778,105847.5109,127346.6089,185421.8269,72707.49023,83862.15392,28231.20872,112456.1502,36514.96843,45433.15655,51569.69003,31956.1002,92737.59457,26006.5647,71544.93352,71368.79465,188908.9499,25765.88415,68310.7211,27976.04895,143252.1736,21407.05521,105591.83,13126.94049,17863.00937,149216.1476,40966.14548,52017.92585,76763.80273,142085.5125,106784.2933,7566.331698,155240.9538,15629044.67,44513.84567,13778.309,123700.4245,24028.53787,76661.5117,30130.93123,123898.7383,93676.60219,34924.10076,212309.8061,122624.2902,132496.6015,145576.5418,111835.5116,129603.4369,153532.5555,112424.9932,15964.80553,21392.18604,30490.61077,128075.727,406699.5923
13/3/19,70847.77562,107076.6958,8068.991637,287920.6977,66767.64542,61166.49853,18001.59041,81676.61373,18296.87161,52617.28465,22162.8016,74873.65766,157644.6779,57346.46901,37491.48291,29845.27928,123212.4796,164701.0512,96897.10718,26454.30123,250775.7005,141314.1446,243499.7587,139773.5568,251773.3407,7025.224592,72125.66251,55076.47365,22925.23648,41000.32157,115031.003,18625.83523,130170.6984,106624.6389,127249.0764,186157.7129,73260.22946,83414.81635,27978.07801,112420.3567,35999.66859,43315.44793,50621.51058,32052.97038,93587.255,26196.76815,71500.64229,70602.65891,189147.6656,25889.07566,68659.42862,28097.79703,144564.8135,21474.72703,106360.1177,13434.0538,18535.30625,149724.9027,41852.25691,51557.03073,76408.31245,142182.2348,108024.3142,7613.470373,155345.7329,15713983.07,44858.11057,13809.71686,124207.9934,23957.07523,77402.54003,30305.3067,123902.0364,93072.74825,34857.54827,212449.8268,122909.7493,132576.2769,146284.8691,111863.9107,129582.6747,153376.6731,112424.9504,15703.86561,22614.23317,30443.22878,127952.7757,406700.1024
14/3/19,70941.23971,107549.6623,8139.20414,289705.5799,67608.79064,61103.19184,17960.79246,83050.87573,18327.18947,52842.17316,22165.78129,75207.93079,157509.5553,58613.28573,37885.2058,29816.48101,124473.3731,164419.1063,96460.22103,26508.24729,250775.7005,141741.625,243496.659,140904.9458,251769.9618,6871.274499,72049.68774,55911.72028,22519.6304,39765.87442,114975.0043,18376.9624,131078.5917,107923.6462,126943.5205,185348.5614,73286.57906,83842.3057,28151.34877,112512.2273,36645.87132,43461.47368,47733.39077,32337.12371,93437.31492,26175.25122,70626.51144,70658.73279,190245.8182,25905.1726,68533.18958,28361.95258,145883.5683,21678.85231,106346.4758,13463.7676,18559.66377,151308.1426,42326.23594,50522.14446,77900.67914,142064.4274,106752.062,7541.711423,156165.8579,15725832.23,45056.85714,13832.62216,124703.3491,23598.5023,77618.33634,30470.05639,123895.37,92049.14843,34680.73532,212427.3903,122829.3591,132508.3335,145999.8096,111859.3844,129573.4159,153362.7842,112424.4458,15564.46696,22328.47863,30049.12118,128743.9653,406687.9863
15/3/19,70750.78411,108500.6982,8135.814644,290018.9381,67258.15721,61271.0295,17743.50018,83078.23172,18521.28869,53213.34586,22144.82415,75198.41063,157476.2756,58827.06569,37085.57868,29876.2876,125384.3303,164260.3203,96217.69194,26405.60065,250750.6828,142391.4089,243471.1002,140550.3989,251772.7659,6914.321523,72347.04141,56538.15524,22854.79355,40477.07007,114926.8024,18513.58607,129578.7204,108044.2176,126641.3749,185333.258,72361.83686,83377.53259,28523.75686,112752.352,36474.3452,42564.8236,48163.24349,33430.13429,93587.255,25972.34566,70543.32564,71057.36819,189474.2112,25527.70411,68348.24157,28612.44615,145307.418,21495.18116,105976.4047,13699.51083,18759.84885,151482.682,41159.24812,51148.38623,77318.75526,141693.2258,106686.1952,7526.039912,155179.9125,15790365.13,44939.00465,13917.02723,125575.2414,23881.65748,75984.63604,30595.71709,123891.147,92996.49265,34012.62845,212390.1482,122718.4307,132448.4107,145499.8339,111849.6758,129263.159,152553.728,112349.4593,15335.82134,22646.76604,30273.19296,128627.8617,406699.5923
18/3/19,70935.7351,109998.6431,8154.046866,292489.4517,66908.95006,60711.0418,17667.85886,83470.94899,18666.4652,53877.32738,21971.71557,75085.95918,157569.947,58720.59863,37793.06415,29861.13082,125908.251,164289.2872,96041.67166,26584.32866,250739.8312,142616.8314,243486.6989,141453.1545,251772.7659,7003.227532,74378.99205,57212.19202,22993.12217,40788.65858,115067.5024,18686.22042,130226.4856,107979.5625,126866.3184,185270.8647,72710.40355,82662.04188,28036.12487,112925.6485,36736.94413,42870.57063,48796.00123,34617.08734,93271.89235,26117.91122,67682.52967,71510.50872,190219.271,25670.07385,68589.38055,28083.70885,146869.6329,21443.10531,106716.84,13872.61142,18955.36048,151782.1301,41617.38815,50683.00231,77200.62521,141704.8328,106968.9723,7608.40311,155979.5967,15781964.47,45469.4102,14010.18156,125784.9439,24066.22012,76649.47118,31080.99099,123888.926,93027.43956,34292.13569,212485.9394,122945.3006,132453.2405,146216.4267,111844.6331,129273.4958,152592.9539,112360.5522,15006.16851,23115.00391,30543.31344,129448.4029,406700.1024
19/3/19,71154.02516,110171.226,8209.118508,291920.6363,67243.28022,60648.2001,17671.42128,83243.27511,18559.18378,53942.93981,21959.80874,75132.02175,157716.4668,59227.93761,37622.88876,29821.27282,126175.2626,164233.2426,95933.3979,26590.34908,250754.2222,142882.2382,243461.14,141987.5151,251773.3407,7097.637148,74179.30429,57895.43101,22982.85487,40856.68611,115012.2793,18731.00735,130280.3182,108621.3864,127155.5535,185390.3994,72829.65918,82708.14431,28525.09898,113029.7677,36373.7536,43262.97223,49040.26782,35000.28499,91553.87383,26317.54144,69311.63204,72107.96762,191589.5692,25908.04726,68669.46964,28525.43223,147186.3457,21424.10059,107101.0423,13904.40148,19285.34019,154033.7775,41818.55149,50925.20436,78299.28312,141746.5712,107313.313,7675.323054,156981.9085,15792131.43,45295.68884,14374.68281,125989.5483,23897.25225,76798.51423,30980.28069,123891.147,93246.15701,34287.49801,212433.5831,122875.3476,132409.993,146023.4077,111815.3603,129363.1035,152762.9164,112364.4566,15079.01061,22837.06806,30639.94646,129775.8781,406699.5923
20/3/19,71012.9331,110023.9868,8218.794605,293919.989,67371.56956,61324.182,17546.41402,83376.74833,18548.87942,53928.4898,22022.09892,75323.46091,157341.5289,59200.32588,37836.19121,30070.85579,126820.4908,163934.5779,95818.36002,27007.3261,250764.7254,143025.1682,243479.5659,141894.6445,251773.3407,7094.988608,75430.23274,57582.21353,22982.25167,41238.84025,114930.7575,18775.4607,130722.1376,108803.5626,127069.3314,184582.3781,73015.90453,83403.85844,28771.9177,113049.5239,36309.7001,42482.12644,49137.87132,34801.59599,90638.4335,26409.29626,68433.88804,72210.04534,190299.1378,25932.2011,68658.71529,28689.78656,147584.2446,21571.33194,107031.7553,13616.24583,19397.01477,155347.5155,42741.74464,51293.07456,78661.66201,141649.4266,107265.721,7662.255112,155928.5703,15818422.38,45213.53222,14299.44094,126188.0066,24096.42511,77067.18629,31088.79792,123896.8273,93181.90795,34169.43369,212355.335,122745.0176,132324.7503,145723.588,111801.5632,129293.3654,152679.307,112355.0058,15186.60871,22838.21992,30678.44374,129654.683,406700.1024
21/3/19,71306.06783,109204.2753,8272.156756,290667.2983,68108.76805,61622.67864,17575.18147,82947.13006,18558.75543,53831.57285,21427.46391,75416.42633,157676.52,59977.99684,37741.80053,30219.33196,125738.7255,164463.0018,95386.58249,26826.21926,250750.6828,143879.7853,243508.6527,141326.2361,251773.3407,6919.458748,76171.90538,57477.8077,22829.92205,40891.14986,115399.563,18659.68599,131252.4743,109686.0776,127630.4368,186098.4612,73229.4458,84243.07394,28323.1262,113745.771,35560.29354,42293.16388,49337.29055,36098.24199,90838.3536,26561.61576,68807.39316,72333.04321,188572.0786,26234.00871,68980.31471,28446.16074,148178.592,21910.27521,106513.565,13739.05585,19521.21788,156055.7786,43298.45119,51173.01796,79348.376,141472.7189,108433.8442,7745.15286,154686.8466,15834825.3,45311.71886,14263.89355,127120.2417,23759.64957,77482.05487,31155.56667,123911.7496,92545.01928,34828.86207,212667.6614,123434.0218,132476.7696,147028.114,111829.5384,129313.5773,152852.8966,112345.7868,15369.31359,23258.26214,30513.60429,128658.8708,406688.8611
22/3/19,71233.30603,109838.7206,8259.057342,290108.2274,67574.63918,61242.41215,17468.5536,82219.87042,18826.45668,53885.47523,21323.0822,74944.18722,158103.5156,59928.88258,38643.07377,30720.13613,125906.5071,164663.4465,95881.69791,26670.23881,250750.6828,143115.962,243511.1361,143043.4938,251769.9618,6906.295588,77092.84965,57477.8077,22909.72292,40909.94146,115347.5248,18699.81754,131577.5737,109841.2212,128646.8429,187240.1548,72775.54822,83432.53771,28248.16031,113607.3102,35604.82303,41798.76083,49567.43231,37917.8607,89831.01185,26233.34992,66783.49298,72737.88948,191599.9244,26170.5094,68856.18224,28310.40836,150551.1951,22201.96704,107001.6023,14079.26542,19119.59785,156491.696,43043.00105,51152.31012,79767.85123,140867.2018,108890.8714,7729.964407,156785.0014,15726334.33,45537.54821,13999.42674,126943.4423,23718.85073,77547.10389,31524.18121,123966.4454,92941.60397,34884.72822,212622.3069,123349.2329,132548.114,147143.3314,111864.1576,129473.5031,153282.8018,112364.3712,15144.36316,23335.57508,30628.52714,129946.6611,406689.1772
25/3/19,70922.67681,108169.6699,8173.708479,284132.6738,66568.97547,60105.15608,17192.88813,82891.14236,18917.23863,52608.45045,21591.41761,74638.6052,158708.6493,58873.87435,38264.17244,30672.27135,123533.437,165652.1231,96123.11534,26428.66131,250750.6828,142201.4471,243593.3742,140785.9677,251769.9618,6744.837728,77021.35674,57582.21353,22566.74429,39927.14909,115851.7938,18383.36636,131905.854,108418.6061,129172.0122,190981.8443,71320.7611,82399.84331,27716.02567,114435.9628,35260.22501,40484.26899,49401.82235,38102.53066,88489.29241,25629.21396,65904.34358,71244.95896,186469.1975,25842.55981,68872.20282,27762.52616,147422.139,22452.83056,105249.3025,13911.67206,19439.78878,151383.8863,42555.905,50431.22817,79166.68033,140212.1276,107105.5952,7629.816258,151387.4154,15548139.93,45203.86016,14081.62407,126723.0674,23372.99503,77296.45202,31511.30936,123962.9282,91279.05375,34023.22328,213021.4817,124147.0151,132788.1335,148907.6624,111880.2132,129631.4623,154012.6409,112389.4521,16741.48898,23317.86352,30163.69888,127981.0362,406689.6873
26/3/19,71174.15186,107776.7331,8195.741245,284188.6577,66831.56152,60721.21977,17299.78159,82867.11296,18975.90964,52477.7343,22139.71972,74730.20238,158286.8007,58945.07287,38897.96678,31032.4114,123308.4997,165794.151,96023.14457,26272.51364,250738.1739,142421.4537,243665.9658,140250.3246,251770.7719,6692.090627,75239.41572,57582.21353,22499.79157,39516.56705,116064.2204,18344.9723,132842.8197,108723.6768,129458.8977,191436.0885,71380.75215,83201.81948,27816.93679,114412.1316,35378.85764,39846.78402,48462.69005,38127.17723,88439.31238,25781.58569,67130.33762,71021.12265,186462.1532,25938.53837,69171.88939,27763.20498,146904.0887,22332.60464,104603.8793,13730.47641,19330.78543,154133.2782,43247.00861,50034.69005,79313.84086,140235.9546,107594.801,7717.402091,151851.594,15570895.44,45340.65692,13967.41441,126959.156,23217.35365,77855.04258,31521.43978,123962.9251,91267.22279,34591.11907,213267.0673,124365.4585,132822.5993,149103.1271,111894.167,129603.3436,153940.9356,112379.0957,16881.73041,23495.45985,30112.27485,127770.3947,406677.5713
27/3/19,71481.24375,108598.3704,8205.430876,286101.6805,67565.09424,61370.49286,17197.29427,82920.16044,18845.02726,52915.83159,22369.00411,74854.08227,157857.483,60054.24247,38946.26139,31130.14659,124266.4215,165732.0101,96265.91113,27219.91212,250738.1739,141879.2503,243644.3848,141141.6807,251769.9618,6723.917409,74848.33896,57477.8077,22643.55045,39672.76422,115994.4981,18495.40412,132189.9316,109202.9395,129225.9637,191632.4804,71622.22496,83731.75391,27528.13447,113821.3756,35803.59617,40435.29248,48299.68233,38032.34143,88839.15259,25855.8791,66473.21506,71196.94347,188261.4693,25863.70935,69193.86812,27558.89397,147670.2719,22552.21029,106372.6251,13637.17074,19289.51373,150926.5571,43289.45254,49885.94714,80213.40571,139945.6215,106906.892,7667.496475,153273.4509,15587443.84,45054.46556,14091.89951,126709.1319,23522.73308,77283.62085,31093.63304,123928.0473,92152.69369,34335.92854,213195.8223,124346.1318,132783.4932,148810.6701,111888.8438,129563.2316,153884.7538,112374.4548,15980.48089,23473.9294,30377.14395,128396.6184,406689.6873
28/3/19,70980.36158,108876.728,8145.587869,286707.7527,67214.48663,60899.25133,17298.55786,83154.06631,18664.64367,53141.57105,22479.7061,74721.33024,158268.333,59362.54882,38432.7463,31323.41382,123535.7666,166411.1836,96392.16499,26730.73236,250775.7005,141614.5934,243711.737,140481.3987,251797.7484,6802.783033,74730.95604,57999.83684,22662.59939,39845.69261,116180.4393,18555.65177,131594.9839,108792.9554,129295.0989,192772.1035,71564.66274,83178.86461,27282.84475,113844.6848,35213.3044,40158.39556,47806.10317,37799.90839,89189.01277,25179.68839,65135.39863,71154.21779,187893.0982,25592.76419,68091.16091,27275.27094,146545.8507,22268.32039,106072.4291,13466.8558,18355.10029,139851.107,42948.09965,49919.31845,78666.80132,139970.4416,106416.3068,7606.515188,152575.6814,15550113.82,44376.53119,14092.90778,126581.5524,23316.27413,76532.70082,30410.66738,123949.3434,92456.25505,33886.42115,213410.2,124587.4132,133175.4584,149854.1312,111967.0959,129989.8559,154812.4646,112490.3828,16261.05243,23505.55265,30496.09115,128203.6142,406875.5856
29/3/19,70881.27018,108679.1361,8119.228607,287011.7775,67034.98335,60062.48285,17186.53622,81949.78831,18683.94913,53072.84855,22574.06247,74548.586,157915.0113,59235.40164,37882.24829,31317.2922,122917.665,166337.6882,96762.30697,26739.42178,250775.7005,141257.1417,243672.9108,140956.9486,251797.7484,6685.061645,74843.69157,58104.24267,22573.28517,39513.7458,116026.6439,18539.39434,129625.7473,108139.2932,129256.774,192319.3331,71959.51057,82776.56616,27231.50589,113717.0124,35296.10584,41289.12358,47830.55855,36713.05841,87189.81175,25425.93942,65574.50058,71833.55636,189506.4093,25517.97634,68010.29965,27290.26369,146923.9753,21757.439,105916.9912,13206.72267,18519.48008,130413.4883,42145.0026,50029.74557,78218.22705,139547.9253,107765.2251,7602.849743,153888.2569,15524775.25,44496.86642,14029.815,126432.5562,23408.05393,75042.15891,30655.36056,123948.5796,92619.98438,33902.36918,213289.3926,124459.9712,133099.5778,150052.9123,111958.6291,129873.0214,154482.5373,112454.4404,15773.75423,23225.63844,30536.30353,128582.3778,406846.5432
1/4/19,71090.8765,109526.9387,8130.153373,288747.3302,67677.42669,60987.88236,17022.83671,81765.98239,17795.27326,53452.95853,22803.14408,74995.82076,157708.9519,60181.54418,38866.66597,31187.82706,123640.9255,166377.3951,96810.26485,26683.35867,250775.7005,141162.5549,243638.5942,141897.7121,251796.9383,6732.800314,74326.40864,56746.9669,22776.70405,39681.2019,115870.674,18624.73991,129805.8467,108518.7423,129315.1844,191723.1742,73222.70079,82804.27629,26798.14909,113486.4851,35500.44703,39427.63782,47570.64679,35391.07881,84290.97028,25522.70393,63983.46633,72062.89934,190319.3756,25474.28902,68222.41796,26798.218,148087.1282,21681.11394,106307.9827,13476.83322,17987.01419,134945.4888,42682.17422,50247.50082,79090.34588,139505.7064,108050.7333,7523.378973,154451.0861,15541106.06,44229.36388,14036.91062,126479.6846,23798.79194,75622.13224,30658.36694,123960.733,93158.83903,34351.3863,213135.1636,124271.6609,133158.1734,149652.9354,111974.4882,129842.7926,154162.6078,112449.4413,15177.19205,22872.6762,30584.71465,129649.8076,406803.8629
2/4/19,71261.77346,110775.8042,8179.155208,293057.7688,69043.89479,61307.47051,17155.6695,82332.06652,18103.58665,54089.54806,23259.22207,75239.36729,157183.9375,61601.6336,38655.59333,31363.72629,125834.2664,165671.2398,96803.05826,27212.97398,250775.7005,141063.6095,243585.2813,143478.4484,251797.7484,6921.80892,74447.57717,56016.1261,23020.63088,40468.1335,115485.7176,18867.08678,129315.8179,110020.6901,128830.2647,189601.5739,73305.32828,83574.91264,27246.05116,112928.6199,34548.29123,40273.96792,47842.22926,35379.85235,82991.48962,25704.80058,60675.97532,72490.93966,192639.9646,25758.92865,68206.28711,27055.59656,149895.4585,21719.41025,108129.1049,13956.28994,18562.8664,139119.0828,42695.1202,50662.16523,79912.03005,139915.7671,106976.6225,7581.367105,155947.326,15620034.59,44781.11683,14168.99854,126003.0553,24127.74833,75559.52888,30944.37955,123948.006,93893.80269,35058.18509,212859.6038,123567.0601,132979.5244,148140.5202,111968.5011,129753.2759,153832.6806,112444.9895,14946.87747,23145.08353,30893.64675,131252.3639,406763.2231
3/4/19,70819.26162,111046.5172,8181.673048,295243.0092,69383.07909,61727.81583,17383.27479,82422.6323,18060.7284,54289.46762,23552.44898,75111.72821,157290.0088,62560.63878,38625.57752,31696.6641,125839.7556,165930.5095,96869.40802,27196.53262,250764.8489,140937.131,243604.5563,143306.142,251825.2997,7003.227532,73839.06462,55807.31445,23216.3961,40823.56993,115661.9245,18962.80589,129543.0411,110549.8035,129296.1392,190443.5588,72777.8895,84438.07974,26919.83229,112935.4006,34429.96957,38660.52023,47871.81105,36600.8658,81791.96901,25839.86371,58183.96102,73205.61804,191696.0592,25733.67839,67614.43169,26961.53378,150286.2339,21575.07375,107795.5924,13905.05882,18273.34297,139721.4296,42799.0279,51211.7507,80908.5103,139634.3643,107013.2598,7559.990999,155402.8246,15599748.62,45010.41222,14178.87319,126123.3679,24127.31268,75267.39533,31058.65743,123975.7461,93805.23319,34927.78325,213002.6106,123845.3151,133069.791,148443.3315,111984.9809,129852.6951,154230.6805,112454.4404,14909.06476,23206.3978,30985.19815,130760.3756,406785.3175
4/4/19,71243.45692,112061.0502,8228.222386,299216.1133,69417.82221,61524.37651,17289.11913,82606.13012,18136.23083,54548.83148,23753.4255,75100.55043,156795.0747,62500.1067,38507.4844,31687.49643,127559.1711,165337.4529,96679.69222,27743.89592,250775.7005,141356.7663,243573.6313,143951.9749,251798.3232,7075.446485,73602.22553,54763.25617,23526.86618,41469.24522,115450.4068,19090.32256,129497.6954,111043.7166,128421.0793,187857.0366,73513.43752,84285.50139,26826.82776,112785.9753,35731.54155,40257.63735,47572.45427,37954.9855,78893.12754,25784.99942,56303.69601,73390.63883,193216.2777,25740.25274,67916.50234,26810.26718,151611.7394,21312.96211,108812.258,14301.28323,18052.52068,136970.3111,43768.22622,51766.89382,81895.34743,140091.3539,107041.3746,7578.075054,156673.385,15669270.45,44952.06372,13914.59452,126133.5243,24374.89345,75588.24866,31104.76435,123930.3883,94084.5231,35099.76288,212834.6211,123469.7043,132899.7734,147472.6667,111931.2911,129683.2305,153679.3672,112434.0858,15045.88274,23577.49436,31130.89372,131145.0172,406739.6232
5/4/19,71296.25941,112018.7123,8249.844104,300277.4546,69301.67462,61549.06238,17528.24412,82084.80834,18261.81976,54564.3925,24000.99624,75015.59991,156783.5862,62160.34398,38670.95153,31644.85186,127518.365,165466.0798,96850.85916,27660.74308,250775.7005,141171.6319,243602.0174,144062.4541,251794.9442,7107.57204,75214.82678,54554.44451,23397.40865,41784.37604,115509.4903,19060.92449,129553.3803,111251.019,128328.2978,189474.9426,72965.85865,84501.78479,26487.16724,112649.7191,35772.07294,39566.04708,48714.48036,39153.51262,78893.12754,25865.2692,58341.13887,73347.93572,193801.2237,25834.77195,67679.98857,26504.96406,151138.0281,21083.00316,108800.9184,14438.08547,17653.3101,133157.1204,45255.22643,51669.41074,81297.72146,140165.615,107645.6266,7543.370719,157118.0007,15659417.79,45334.76523,14232.6725,125862.5663,24267.23885,75419.46485,31201.51256,123929.2442,94045.50421,35158.19921,212829.5657,123561.1909,132921.1222,147675.24,111925.7915,129703.2884,153772.6938,112439.9904,14828.83878,23554.63184,31180.69581,131853.0836,406743.0252
8/4/19,71161.32024,112214.6563,8229.094042,300415.5091,70338.34897,62334.45614,17500.85935,81765.53841,18104.5784,54762.95879,24107.30247,74815.87446,156659.0512,63199.32232,39153.60623,31703.51807,128026.152,165399.9621,96974.49717,27775.26494,250775.7005,141092.2613,243575.0449,144759.5857,251797.7484,7080.635176,75099.33983,53823.13984,23529.93288,41919.17248,115492.5221,19112.64022,129438.7211,111849.4845,127974.2063,189326.5543,72320.2003,85831.38392,26663.24853,112527.5069,34975.60374,38631.55612,48101.71673,39446.21893,80479.58627,25776.19624,60748.64837,73907.53186,195352.1457,25929.90269,67387.18453,26757.96393,152010.7308,21025.29249,109236.5835,14373.47609,17527.29005,134232.8466,45285.4457,51574.77393,82777.22353,140105.1781,107888.6089,7570.816789,158592.0186,15668245.93,44960.66653,14291.1282,125836.5998,24577.76564,75543.4555,30788.65542,123920.3857,94009.50925,35213.32236,212782.4665,123585.7394,132866.3694,147792.3077,111910.0091,129673.481,153682.6154,112439.9904,14458.43154,23414.75947,31223.03753,132031.3386,406719.1811