DATE,F_US,F_MP,F_F,F_FV,F_BO,F_RR,F_SS,F_NQ,F_C,F_LU,F_ES,F_GS,F_ZQ,F_HP,F_LQ,F_TR,F_YM,F_ED,F_GX,F_CA,F_LB,F_TY,F_AE,F_SX,F_DX,F_KC,F_HG,F_GD,F_CD,F_AX,F_VX,F_RY,F_LC,F_PA,F_NG,F_FY,F_AD,F_DZ,F_RB,F_EB,F_SB,F_BG,F_XX,F_JY,F_MD,F_RF,F_CC,F_FB,F_BC,F_SF,F_LX,F_ND,F_UZ,F_W,F_FC,F_UB,F_GC,F_O,F_S,F_NY,F_CF,F_EC,F_FL,F_NR,F_LN,F_OJ,F_TU,F_SH,F_RP,F_HO,F_PL,F_DT,F_FP,F_LR,F_DL,F_PQ,F_BP,F_RU,F_SM,F_DM,F_FM,F_CL,F_CT,F_AH,F_SI
2019-01-02,145932.515625,25043.28515625,251862.09375,113972.2421875,17040.796875,7236.31787109375,123791.765625,140209.265625,18760.03125,87358.84375,132627.8125,123681.578125,407243.1875,53804.51171875,101616.65625,33390.5078125,123992.484375,243041.46875,,48564.19921875,35407.453125,121157.1953125,102195.34375,,95899.9140625,39774.8828125,68571.046875,109537.171875,75502.5546875,,26150.453125,15952032.0,49638.82421875,115357.828125,39912.40625,,71978.3125,,58738.44140625,,14066.833984375,60263.58984375,,112372.734375,184425.0625,140962.34375,23792.740234375,,68041.71875,125925.3203125,67851.5546875,68343.453125,,26165.1171875,74559.421875,,126286.875,15434.3642578125,45542.03125,106421.859375,,143708.78125,51701.046875,21614.03125,24128.375,21575.208984375,211740.09375,,112654.859375,84423.3984375,40842.77734375,,,25706.775390625,28774.189453125,49505.9609375,79813.8046875,150528.8125,32262.865234375,,,58731.09375,38829.265625,8034.279296875,75099.1796875
2019-01-03,146085.6875,25037.748046875,251861.484375,113981.7421875,17039.908203125,7193.8193359375,123791.171875,140188.96875,18757.904296875,87348.609375,132577.359375,123785.03125,407241.84375,52664.3359375,101508.2890625,33336.6640625,123575.9296875,243041.8125,,48551.328125,35161.2578125,121196.6953125,102099.8984375,,95877.6171875,39750.984375,68560.96875,109553.1875,75494.0703125,,26344.484375,15948866.0,49586.94921875,115424.78125,39010.6328125,,71971.0234375,,58680.7890625,,13900.48828125,60268.1640625,,112432.9296875,184539.9375,140982.171875,23808.2890625,,68041.3203125,126206.1796875,67832.96875,68319.6171875,,26064.2109375,74485.515625,,126347.0859375,15410.30859375,45701.3515625,105979.9296875,,143707.859375,51721.30078125,21631.775390625,24098.908203125,21571.306640625,211740.140625,,112655.203125,84308.1640625,40839.4296875,,,25778.56640625,28795.390625,49503.4921875,79804.953125,150613.953125,32256.93359375,,,58701.16015625,38796.20703125,8033.67236328125,75283.0703125
2019-01-04,146423.609375,25026.265625,251860.9375,113987.4140625,17039.8671875,7161.05712890625,123792.203125,140165.0,18763.87109375,87376.53125,132513.125,123886.984375,407241.28125,50969.51171875,101399.375,33272.82421875,123205.703125,243042.1875,,48526.1953125,34951.85546875,121225.9765625,102039.921875,,95870.5546875,39735.08984375,68550.03125,109581.0,75483.34375,,26481.59765625,15946900.0,49521.78125,115463.484375,38183.28125,,71969.2734375,,58643.15234375,,13696.744140625,60273.3125,,112499.6640625,184620.921875,140996.96875,23803.07421875,,68047.5078125,126566.6875,67834.59375,68258.6640625,,26001.3125,74414.25,,126392.46875,15399.4443359375,45867.3671875,105543.7265625,,143706.640625,51778.7890625,21646.986328125,24094.30078125,21561.544921875,211741.15625,,112684.4609375,84236.3203125,40839.54296875,,,25859.923828125,28821.314453125,49497.48828125,79780.6171875,150640.28125,32198.76171875,,,58663.03125,38771.2734375,8033.03564453125,75456.1796875
2019-01-07,146868.5625,25020.47265625,251860.625,113991.2109375,17042.134765625,7142.59130859375,123793.2734375,140143.28125,18781.76953125,87406.7578125,132467.296875,123901.0390625,407240.0625,49219.9375,101326.0625,33229.5390625,122883.515625,243042.390625,,48534.39453125,34648.62109375,121243.2890625,102019.7890625,,95837.34375,39730.609375,68555.9765625,109624.1640625,75470.3125,,26552.16015625,15945278.0,49450.41796875,115642.4609375,37394.1640625,,71955.1875,,58596.734375,,13505.6162109375,60330.0078125,,112561.828125,184731.28125,141003.40625,23758.515625,,68074.6796875,126957.234375,67874.546875,68266.1171875,,25979.95703125,74343.4765625,,126409.4921875,15381.34765625,46012.828125,105145.7265625,,143695.359375,51846.54296875,21666.28515625,24049.9375,21554.423828125,211742.890625,,112656.5234375,84209.734375,40877.45703125,,,25962.998046875,28836.388671875,49592.0390625,79780.4453125,150715.6875,32117.41796875,,,58607.6171875,38763.12890625,8034.28515625,75604.734375
2019-01-08,147310.984375,25017.041015625,251860.4375,113994.234375,17046.36328125,7135.33642578125,123794.203125,140158.59375,18813.3046875,87479.8203125,132448.234375,123879.2265625,407237.15625,47535.0546875,101266.953125,33197.70703125,122603.5625,243040.5625,,48558.8828125,34469.54296875,121250.9453125,102032.9296875,,95743.9609375,39724.6796875,68572.6484375,109647.3828125,75463.515625,,26533.904296875,15945106.0,49386.734375,115906.9921875,36566.484375,,71963.234375,,58561.75390625,,13455.0390625,60402.125,,112628.6328125,184864.390625,140980.546875,23751.693359375,,68102.9140625,127389.8203125,67954.9296875,68281.4765625,,25975.12890625,74296.8359375,,126410.0234375,15355.9990234375,46128.77734375,104887.8125,,143694.984375,51827.5546875,21688.771484375,23912.94921875,21545.609375,211741.84375,,112636.1953125,84189.09375,40988.19921875,,,26105.625,28818.19140625,49661.1796875,79790.625,150915.921875,32074.193359375,,,58532.359375,38768.15625,8035.43798828125,75716.34375
2019-01-09,147581.109375,25002.716796875,251860.25,113996.171875,17045.869140625,7131.296875,123795.1640625,140163.59375,18857.556640625,87512.65625,132443.03125,123829.3125,407228.6875,46217.5703125,101218.6875,33155.26953125,122386.4921875,243038.703125,,48570.8046875,34415.87109375,121254.625,102031.671875,,95622.5625,39726.984375,68585.2734375,109688.3203125,75473.9921875,,26471.890625,15946349.0,49364.32421875,116196.8359375,35920.87890625,,71976.3984375,,58523.62109375,,13532.841796875,60475.08984375,,112709.515625,184986.328125,140933.25,23736.470703125,,68117.40625,127784.1640625,68068.2890625,68283.5546875,,25985.869140625,74279.1171875,,126398.265625,15334.78515625,46201.79296875,104731.234375,,143702.25,51798.3203125,21724.470703125,23921.517578125,21534.337890625,211740.515625,,112629.359375,84162.21875,41087.6484375,,,26221.1875,28745.1796875,49690.05078125,79798.296875,151141.640625,32056.234375,,,58456.203125,38764.48046875,8036.5390625,75791.3515625
2019-01-10,147694.15625,24993.595703125,251858.84375,113996.6953125,17046.5625,7127.9423828125,123795.7734375,140165.5,18915.609375,87534.875,132463.59375,123799.84375,407210.375,44757.53515625,101191.109375,33110.671875,122207.9921875,243036.125,,48611.55078125,34466.71484375,121255.8046875,102037.9765625,,95471.953125,39786.8203125,68602.296875,109740.9921875,75498.4609375,,26455.486328125,15948418.0,49350.98828125,116529.671875,35404.69921875,,71995.8203125,,58470.21484375,,13657.5478515625,60545.13671875,,112807.21875,185099.03125,140874.453125,23709.51953125,,68154.78125,128085.2421875,68234.109375,68310.59375,,26023.046875,74270.40625,,126383.796875,15334.39453125,46255.55078125,104642.6640625,,143707.421875,51820.6796875,21770.193359375,24020.451171875,21521.171875,211738.125,,112656.8203125,84173.1484375,41203.11328125,,,26308.25,28611.537109375,49735.859375,79807.6484375,151338.125,31929.0390625,,,58399.49609375,38758.70703125,8039.296875,75855.234375
2019-01-11,147739.65625,24990.529296875,251856.578125,113996.734375,17047.4140625,7124.3642578125,123796.15625,140163.203125,18964.580078125,87586.3046875,132517.84375,123802.9609375,407185.8125,42900.31640625,101176.21875,33068.28515625,122060.9609375,243032.96875,,48606.84765625,34441.19140625,121256.09375,102031.9140625,,95249.3359375,39759.609375,68614.359375,109767.1328125,75530.9765625,,26471.62109375,15950779.0,49325.07421875,116770.1796875,35009.90234375,,72018.0859375,,58425.546875,,13768.369140625,60635.03515625,,112915.3828125,185213.078125,140813.828125,23684.025390625,,68181.2265625,128240.8828125,68421.2734375,68337.75,,26022.9765625,74267.9140625,,126368.9375,15337.728515625,46277.19140625,104582.6015625,,143711.765625,51810.55859375,21818.927734375,24486.546875,21501.6328125,211737.5625,,112703.390625,84173.8828125,41302.60546875,,,26368.46484375,28497.7734375,49767.28515625,79816.3125,151454.265625,31910.78515625,,,58336.4609375,38758.8671875,8053.05859375,75892.7890625
2019-01-14,147749.25,24994.568359375,251853.75,113997.4921875,17048.212890625,7119.662109375,123796.3671875,140128.96875,19004.033203125,87596.046875,132603.84375,123726.1171875,407164.4375,40988.6484375,101163.8359375,33024.984375,121940.265625,243028.828125,,48586.0,34412.3125,121254.8046875,102036.078125,,94982.84375,39767.265625,68625.7109375,109781.578125,75569.6640625,,26493.25,15951837.0,49249.03125,117001.7421875,34178.4609375,,72055.6015625,,58400.0,,13851.8740234375,60687.921875,,113021.234375,185291.40625,140739.03125,23683.587890625,,68184.71875,128259.9375,68633.953125,68369.1484375,,26022.822265625,74264.046875,,126352.3203125,15353.69140625,46269.0546875,104544.078125,,143715.03125,51854.6875,21860.412109375,24796.59765625,21479.912109375,211735.1875,,112702.4140625,84160.34375,41312.953125,,,26404.052734375,28472.93359375,49829.0078125,79824.3515625,151497.671875,31864.9765625,,,58277.9765625,38753.89453125,8070.4609375,75914.734375
2019-01-15,147754.640625,25015.728515625,251848.09375,113999.1484375,17049.08984375,7109.17333984375,123796.671875,139981.828125,19046.3828125,87663.453125,132682.46875,123639.953125,407150.1875,39562.2890625,101167.3203125,32987.3046875,121817.0625,243024.53125,,48530.19140625,34324.109375,121253.0703125,101995.296875,,94709.8046875,39754.98046875,68634.59375,109790.671875,75597.265625,,26512.06640625,15952222.0,49111.2890625,117177.1875,34893.03125,,72080.375,,58379.6171875,,13900.5390625,60708.14453125,,113129.9609375,185320.515625,140624.859375,23666.921875,,68149.265625,128266.4765625,68816.3203125,68389.1015625,,26023.220703125,74258.6953125,,126344.7421875,15385.828125,46243.24609375,104503.09375,,143720.890625,51857.74609375,21891.66015625,24898.1640625,21455.861328125,211730.890625,,112646.390625,84118.4296875,41243.3671875,,,26431.40625,28501.775390625,49914.61328125,79836.609375,151445.296875,31841.814453125,,,58242.12890625,38746.18359375,8075.20361328125,75926.09375
2019-01-16,147730.65625,25046.52734375,251840.546875,114001.765625,17050.58203125,7089.8603515625,123797.25,139740.265625,19071.708984375,87672.828125,132769.3125,123603.3671875,407141.875,37876.51171875,101201.34375,32996.3984375,121592.3203125,243020.25,,48506.62890625,34401.203125,121248.1796875,101998.7734375,,94590.671875,39744.3203125,68639.2109375,109800.078125,75617.71875,,26473.16796875,15952414.0,48958.83984375,117269.7578125,35095.50390625,,72094.1796875,,58382.83984375,,13946.265625,60694.70703125,,113242.515625,185312.921875,140527.109375,23613.140625,,68108.796875,128245.5625,68980.9453125,68399.5703125,,26003.1953125,74252.0625,,126343.328125,15389.7919921875,46185.95703125,104471.90625,,143728.515625,51844.6796875,21895.3125,24977.921875,21425.314453125,211727.6875,,112602.6796875,84064.25,41176.296875,,,26448.77734375,28536.181640625,50044.4609375,79855.25,151385.1875,31870.857421875,,,58225.0,38737.28515625,8079.275390625,75926.6015625
2019-01-17,147695.046875,25070.759765625,251837.859375,114003.2890625,17050.54296875,7072.0546875,123798.0625,139421.046875,19108.84375,87678.4921875,132863.890625,123494.6953125,407137.5625,35257.41796875,101295.2109375,33031.37109375,121374.4609375,243015.921875,,48492.390625,34649.28125,121239.484375,101975.3046875,,94568.375,39747.48828125,68605.6875,109816.15625,75635.1015625,,26346.8984375,15952675.0,48818.30859375,117399.9375,32986.953125,,72088.8125,,58388.39453125,,13996.724609375,60688.375,,113342.8984375,185264.625,140468.25,23596.802734375,,68075.6328125,128201.0390625,69120.984375,68381.8125,,25980.98046875,74246.15625,,126341.2734375,15379.505859375,46103.1015625,104459.0625,,143731.96875,51814.76171875,21882.7890625,24854.109375,21339.55859375,211721.75,,112517.8046875,84027.578125,41117.5234375,,,26456.3203125,28517.65625,50220.7109375,79858.78125,151349.1875,31866.369140625,,,58195.1015625,38728.7890625,8082.14599609375,75913.21875
2019-01-18,147674.34375,25087.591796875,251833.515625,114004.1875,17052.39453125,7062.3173828125,123799.3828125,139004.015625,19129.55078125,87655.765625,132965.296875,123385.890625,407135.53125,32188.84375,101419.765625,33088.875,121278.4296875,243012.375,,48468.703125,34940.56640625,121229.96875,101956.84375,,94571.09375,39769.578125,68536.015625,109824.625,75636.84375,,26084.14453125,15952982.0,48683.359375,117759.6875,31296.869140625,,72078.6640625,,58407.265625,,14019.6884765625,60671.79296875,,113407.859375,185193.5,140460.765625,23616.439453125,,68028.03125,128153.4140625,69222.953125,68341.6328125,,25966.560546875,74230.8046875,,126341.84375,15376.0439453125,46046.390625,104454.453125,,143722.640625,51816.30859375,21883.11328125,24693.431640625,21088.892578125,211714.640625,,112371.5546875,83973.234375,41075.0625,,,26450.87109375,28504.677734375,50424.9375,79913.421875,151305.234375,31868.80859375,,,58149.05078125,38723.7578125,8083.9697265625,75886.4375
2019-01-21,147619.3125,25091.478515625,251829.65625,114003.6015625,17073.400390625,7057.53759765625,123801.28125,138620.3125,19162.615234375,87704.7421875,133102.96875,123206.25,407134.0,29777.880859375,101538.7890625,33147.98828125,121166.140625,243009.859375,,48460.3359375,34919.8828125,121214.625,101998.5078125,,94602.1328125,39854.42578125,68501.5625,109856.375,75630.3203125,,25701.443359375,15954264.0,48566.69921875,117964.28125,30385.40625,,72068.8203125,,58436.3828125,,14017.40625,60655.37890625,,113442.765625,185098.21875,140505.34375,23614.974609375,,67993.125,128125.671875,69338.0,68302.71875,,25977.634765625,74221.125,,126342.609375,15374.8056640625,46045.12109375,104456.7890625,,143696.96875,51822.875,21905.17578125,24679.98046875,20856.525390625,211708.484375,,112220.5390625,83910.171875,41025.09375,,,26438.73046875,28482.501953125,50648.21484375,79941.625,151314.0625,31884.462890625,,,58101.11328125,38718.31640625,8086.63818359375,75841.84375
2019-01-22,147577.796875,25088.9765625,251822.828125,113998.75,17098.9765625,7055.28369140625,123803.484375,138180.96875,19183.2578125,87834.34375,133274.140625,123241.6640625,407133.40625,28166.005859375,101631.265625,33185.01171875,121078.4609375,243008.0625,,48474.640625,34932.453125,121191.484375,102051.65625,,94689.6875,39829.55859375,68496.3046875,109856.6171875,75593.8984375,,25406.140625,15954025.0,48450.2421875,117867.359375,29472.142578125,,72036.4921875,,58456.2890625,,14002.5107421875,60632.8515625,,113467.2578125,185011.703125,140587.890625,23562.91015625,,67951.25,128104.78125,69456.859375,68254.15625,,26004.13671875,74208.2109375,,126344.46875,15370.7236328125,46042.9296875,104463.9609375,,143657.828125,51800.8203125,21940.86328125,24727.234375,20721.14453125,211699.15625,,112082.1484375,83847.7890625,40951.55078125,,,26412.916015625,28468.48046875,50871.73828125,79915.546875,151272.421875,31903.744140625,,,58050.8125,38699.91796875,8087.720703125,75764.1171875
2019-01-23,147500.1875,25092.96875,251823.140625,113990.046875,17114.60546875,7053.70556640625,123805.5625,137805.96875,19199.7109375,87900.0234375,133455.484375,123280.0,407133.34375,27370.484375,101733.78125,33209.31640625,121066.171875,243007.046875,,48425.4453125,35019.25390625,121153.5078125,102045.4609375,,94822.21875,39865.1484375,68498.0703125,109872.203125,75548.5859375,,25307.986328125,15954099.0,48348.12890625,117744.2265625,28874.759765625,,72011.3046875,,58474.1015625,,13980.2470703125,60597.7734375,,113483.9921875,184933.015625,140729.34375,23562.58984375,,67872.796875,128061.53125,69530.4921875,68222.4453125,,26019.98828125,74200.0625,,126341.7421875,15360.9814453125,46030.20703125,104455.9765625,,143604.828125,51785.98828125,21973.572265625,24718.9296875,20648.751953125,211692.3125,,111906.4453125,83762.1875,40886.34375,,,26390.953125,28452.56640625,51098.33984375,79896.6015625,151263.078125,31950.986328125,,,57929.27734375,38679.85546875,8088.43310546875,75691.15625
2019-01-24,147329.265625,25120.703125,251823.265625,113979.625,17138.34375,7052.90576171875,123806.703125,137483.96875,19213.921875,87942.7265625,133614.109375,123266.40625,407133.375,26993.791015625,101831.90625,33214.01171875,121067.3125,243006.984375,,48373.46875,35502.78515625,121103.953125,102037.828125,,94934.6328125,39814.48046875,68511.4140625,109885.3125,75493.2890625,,25306.109375,15954196.0,48261.1328125,117350.9375,28468.71484375,,71987.2109375,,58486.7109375,,13954.2021484375,60534.6640625,,113486.359375,184874.96875,140907.65625,23558.78125,,67779.234375,127955.7890625,69574.046875,68214.6328125,,26116.64453125,74199.0546875,,126337.75,15338.232421875,46021.83984375,104424.296875,,143550.703125,51772.09375,22000.357421875,24553.40625,20616.880859375,211683.765625,,111690.515625,83659.3203125,40817.26171875,,,26371.25,28435.763671875,51320.859375,80005.484375,151258.84375,32016.357421875,,,57255.53125,38657.98046875,8089.296875,75632.7890625
2019-01-25,147003.28125,25163.009765625,251824.203125,113966.3984375,17165.021484375,7052.76318359375,123807.28125,137286.5,19221.79296875,88038.140625,133756.453125,123353.6171875,407133.71875,26770.078125,101909.078125,33274.95703125,121075.8515625,243007.828125,,48352.99609375,36274.7421875,121049.7734375,102056.5234375,,95107.703125,39924.07421875,68523.15625,109897.1015625,75433.5546875,,25273.18359375,15953532.0,48184.1640625,116705.6875,28286.232421875,,71964.328125,,58511.05859375,,13936.7431640625,60460.5546875,,113479.421875,184824.515625,141055.359375,23579.5078125,,67686.015625,127778.765625,69577.6953125,68197.1953125,,26165.525390625,74201.46875,,126335.5703125,15309.9150390625,46016.37109375,104387.1640625,,143497.71875,51754.42578125,22020.6640625,24333.216796875,20589.4765625,211674.359375,,111511.0546875,83558.0625,40766.6328125,,,26352.095703125,28419.015625,51535.4140625,80102.7734375,151275.09375,32080.486328125,,,56833.15625,38633.30078125,8089.853515625,75572.125
2019-01-28,146470.5,25206.337890625,251823.390625,113947.1796875,17200.666015625,7052.0048828125,123807.7421875,137193.515625,19231.05078125,88120.3125,133911.109375,123324.4765625,407134.5625,26611.111328125,101987.609375,33415.4609375,121072.4921875,243009.5,,48354.19921875,37611.703125,120994.03125,102100.765625,,95285.8984375,40004.0390625,68521.5234375,109911.28125,75379.640625,,25219.04296875,15953540.0,48116.0390625,116081.8828125,28234.826171875,,71952.3828125,,58550.00390625,,13886.1826171875,60400.62890625,,113464.5703125,184787.90625,141186.53125,23576.126953125,,67593.9375,127503.2578125,69449.4453125,68190.15625,,26125.779296875,74206.15625,,126321.1328125,15277.12890625,46029.578125,104365.5859375,,143439.890625,51741.1484375,22038.166015625,23977.873046875,20553.66015625,211665.5625,,111375.1640625,83455.484375,40747.640625,,,26334.798828125,28403.091796875,51747.14453125,80234.1484375,151308.71875,32122.982421875,,,56692.01171875,38606.03515625,8091.82958984375,75580.828125
2019-01-29,145886.765625,25238.7578125,251822.671875,113921.7265625,17242.8828125,7051.45458984375,123809.03125,137113.28125,19240.068359375,88204.4140625,134064.078125,123292.9453125,407135.46875,26507.5546875,102045.6328125,33638.87890625,121072.90625,243011.484375,,48326.2734375,38733.1015625,120941.828125,102099.921875,,95379.4453125,39861.55859375,68525.4453125,109899.515625,75361.6875,,25222.82421875,15955137.0,48054.90234375,115535.3125,28153.390625,,71963.078125,,58580.94140625,,13820.943359375,60341.93359375,,113457.8046875,184764.3125,141332.609375,23593.26171875,,67479.6640625,127182.59375,69298.0703125,68191.4609375,,26130.28125,74210.7890625,,126307.3984375,15253.37109375,46047.80078125,104343.7265625,,143397.96875,51718.3515625,22056.775390625,23720.482421875,20518.919921875,211656.796875,,111267.78125,83340.21875,40724.82421875,,,26315.96875,28395.775390625,51953.984375,80415.59375,151352.171875,32144.42578125,,,56580.73828125,38574.625,8091.9111328125,75623.6328125
2019-01-30,145514.984375,25265.7734375,251822.765625,113896.0703125,17282.123046875,7050.75927734375,123811.8125,137007.046875,19248.8046875,88303.3984375,134193.453125,123303.328125,407136.09375,26412.79296875,102088.8828125,33934.2734375,121069.3515625,243002.734375,,48304.7734375,40184.1796875,120900.7578125,102123.0,,95464.921875,39861.6015625,68532.9921875,109925.390625,75330.3203125,,25267.4140625,15956518.0,47995.87890625,114740.2265625,28178.42578125,,71954.7421875,,58613.546875,,13774.3759765625,60297.421875,,113451.7109375,184749.296875,141465.140625,23587.771484375,,67374.4765625,126841.484375,69203.0625,68171.6015625,,26083.96875,74211.2734375,,126302.828125,15241.6416015625,46053.58203125,104305.8125,,143375.3125,51697.140625,22078.359375,23620.419921875,20498.6640625,211649.375,,111167.1328125,83244.6484375,40688.65625,,,26297.900390625,28395.494140625,52161.5234375,80551.5625,151381.734375,32148.9296875,,,56515.828125,38539.40625,8092.8095703125,75643.84375
2019-01-31,145329.390625,25280.498046875,251822.5,113870.484375,17332.3671875,7050.87646484375,123815.875,137029.515625,19254.896484375,88397.7109375,134314.390625,123288.7578125,407136.84375,26330.41796875,102124.828125,34316.046875,121072.5546875,243010.5625,,48314.75390625,42053.9921875,120866.3203125,102169.6171875,,95479.78125,39844.9453125,68516.7734375,109962.6640625,75343.234375,,25298.8125,15959079.0,47931.65234375,114050.5546875,28193.515625,,71977.828125,,58670.4921875,,13711.6708984375,60272.83203125,,113447.1328125,184737.875,141589.53125,23576.603515625,,67296.203125,126500.8828125,69181.84375,68161.125,,26061.01953125,74213.1171875,,126295.859375,15248.39453125,46058.33203125,104277.546875,,143359.84375,51690.80859375,22102.43359375,23575.3671875,20527.2421875,211643.75,,111061.46875,83184.4375,40643.98046875,,,26295.607421875,28397.970703125,52366.1953125,80655.2421875,151405.0625,32167.71875,,,56471.87109375,38499.98046875,8095.3720703125,75661.5546875
2019-02-01,145257.171875,25293.48046875,251823.984375,113848.09375,17398.94140625,7051.5556640625,123822.828125,137181.828125,19261.05859375,88494.4765625,134459.796875,123304.71875,407138.03125,26272.490234375,102147.34375,34739.90625,121085.65625,243011.078125,,48321.03515625,43231.9609375,120838.2421875,102234.7578125,,95368.3125,39944.28515625,68507.90625,109973.6953125,75372.5859375,,25212.5234375,15960650.0,47862.37109375,113413.5234375,28218.96484375,,72093.921875,,58740.8203125,,13660.818359375,60251.8671875,,113455.734375,184725.859375,141719.578125,23606.609375,,67212.9140625,126214.453125,69214.0,68174.3984375,,26074.16796875,74213.421875,,126293.828125,15267.24609375,46059.26953125,104261.375,,143345.21875,51675.50390625,22127.009765625,23382.470703125,20609.677734375,211638.6875,,110939.28125,83124.734375,40592.44140625,,,26317.259765625,28403.1875,52562.37109375,80778.6953125,151427.890625,32426.6953125,,,56433.7109375,38458.47265625,8097.6611328125,75672.9296875
2019-02-04,145140.84375,25303.466796875,251825.21875,113822.3984375,17442.76171875,7051.1787109375,123829.5234375,137258.4375,19270.873046875,88589.2265625,134620.8125,123280.875,407139.59375,26227.7578125,102164.0390625,35128.1484375,121096.2578125,243004.890625,,48314.24609375,43481.65625,120808.0,102303.9609375,,95311.5078125,39934.84375,68509.296875,110008.0078125,75428.6328125,,25156.302734375,15963350.0,47786.2421875,112743.109375,28234.486328125,,72152.7421875,,58805.2578125,,13615.6337890625,60241.32421875,,113448.203125,184719.203125,141863.640625,23617.625,,67139.015625,125968.9140625,69263.96875,68212.53125,,26154.642578125,74210.2578125,,126249.328125,15267.39453125,46069.78515625,104244.7109375,,143329.171875,51718.828125,22144.939453125,23241.498046875,20651.63671875,211634.984375,,110817.7109375,83069.8046875,40540.92578125,,,26350.810546875,28405.619140625,52748.0078125,80887.25,151444.078125,32547.154296875,,,56410.5234375,38402.0,8098.78662109375,75668.7578125
2019-02-05,144904.78125,25315.57421875,251824.21875,113794.6875,17465.509765625,7050.466796875,123834.0703125,137357.125,19277.845703125,88675.4609375,134782.828125,123216.875,407141.03125,26198.55859375,102165.6171875,35439.89453125,121104.6796875,243001.96875,,48299.046875,43665.1640625,120776.3359375,102394.515625,,95278.84375,39954.75390625,68504.171875,110030.1953125,75490.4140625,,25078.955078125,15968451.0,47734.01171875,112170.78125,28221.181640625,,72130.0625,,58884.3203125,,13597.2763671875,60228.0625,,113414.9375,184711.796875,142046.46875,23629.51953125,,67069.234375,125772.09375,69325.46875,68202.484375,,26236.658203125,74207.7890625,,125998.140625,15224.658203125,46068.71484375,104224.3515625,,143304.3125,51744.26171875,22152.197265625,23270.541015625,20652.16015625,211629.296875,,110708.828125,83040.84375,40461.44140625,,,26381.787109375,28413.796875,52912.078125,80946.3828125,151455.59375,32610.3515625,,,56391.16015625,38331.05078125,8099.66796875,75665.65625
2019-02-06,144614.734375,25348.244140625,251823.21875,113767.8203125,17485.533203125,7049.61083984375,123836.953125,137524.15625,19279.888671875,88752.09375,134928.21875,123198.8359375,407142.65625,26172.98828125,102162.2265625,35557.515625,121120.984375,243001.953125,,48296.81640625,44156.20703125,120750.328125,102516.078125,,95306.609375,39990.09375,68489.609375,110050.8984375,75533.7109375,,25116.46484375,15974336.0,47684.140625,111794.3671875,28241.404296875,,72091.7734375,,58967.6171875,,13621.2041015625,60221.8359375,,113386.734375,184703.4375,142315.875,23622.412109375,,66997.53125,125620.5859375,69404.578125,68171.8671875,,26294.173828125,74205.46875,,125644.15625,15148.185546875,46061.6171875,104206.6796875,,143259.328125,51741.6640625,22104.5078125,23345.068359375,20651.01953125,211624.890625,,110636.7734375,83005.515625,40362.7109375,,,26407.80859375,28416.416015625,53067.59375,80930.359375,151468.109375,32696.134765625,,,56362.15625,38267.3828125,8100.57421875,75668.984375
2019-02-07,144387.484375,25443.6875,251822.71875,113742.4296875,17507.322265625,7047.1171875,123838.9609375,137631.28125,19283.431640625,88822.734375,135052.375,123207.890625,407144.5625,26159.73828125,102146.1796875,35579.56640625,121141.53125,243002.21875,,48292.78515625,44261.265625,120730.328125,102640.4453125,,95383.5546875,39960.75,68476.671875,110078.625,75534.4609375,,25127.8984375,15980518.0,47613.4296875,111498.25,28283.017578125,,71989.546875,,59038.171875,,13650.462890625,60216.328125,,113372.6640625,184697.890625,142698.078125,23608.50390625,,66927.3515625,125508.40625,69523.6171875,68143.15625,,26341.9765625,74204.4765625,,125355.78125,15087.9443359375,46062.90625,104192.1953125,,143185.34375,51724.12109375,22001.671875,23236.474609375,20648.82421875,211621.859375,,110585.515625,82971.1484375,40242.421875,,,26420.54296875,28418.564453125,53205.578125,80820.234375,151474.109375,32742.24609375,,,56339.74609375,38210.95703125,8101.5908203125,75679.8828125
2019-02-08,144284.59375,25671.513671875,251823.234375,113718.0078125,17524.083984375,7044.60791015625,123840.0,137593.625,19286.900390625,88878.7421875,135128.265625,123229.7109375,407146.5625,26162.94921875,102123.0078125,35593.203125,121145.9765625,243007.4375,,48271.765625,43961.26171875,120713.5078125,102513.78125,,95506.0078125,40193.8359375,68465.8125,110095.25,75442.125,,25278.390625,15986925.0,47471.3359375,111272.6953125,28301.140625,,71887.0234375,,59120.0546875,,13664.0517578125,60203.84765625,,113364.7578125,184699.828125,143006.984375,23569.54296875,,66862.625,125426.8125,69603.828125,68141.0390625,,26302.3359375,74199.9296875,,125135.8203125,15048.1494140625,46042.2265625,104161.9609375,,143074.734375,51691.90625,21924.0703125,23129.69140625,20644.078125,211619.625,,110540.359375,82939.015625,40120.0546875,,,26419.2734375,28420.529296875,53316.13671875,80626.734375,151477.578125,32775.65234375,,,56299.296875,38170.72265625,8101.62353515625,75700.65625
2019-02-11,144203.140625,25975.591796875,251824.53125,113691.9375,17531.794921875,7050.09375,123840.484375,137539.15625,19292.548828125,88941.875,135152.546875,123257.109375,407149.09375,26166.94921875,102128.6796875,35601.4765625,121148.453125,243026.890625,,48251.234375,43430.19921875,120700.1328125,101351.515625,,95689.1328125,39939.34375,68459.171875,110123.5,75336.1640625,,25437.259765625,15993293.0,47155.546875,111183.5859375,28337.955078125,,71826.2265625,,59194.96484375,,13644.552734375,60200.53125,,113362.484375,184707.4375,143141.3125,23566.77734375,,66806.0859375,125372.2421875,69663.25,68178.859375,,26273.67578125,74196.0546875,,124989.7734375,15026.6533203125,45999.1484375,104122.953125,,142928.0625,51695.32421875,21875.458984375,22976.720703125,20637.076171875,211618.171875,,110496.0,82907.75,40009.0078125,,,26420.6796875,28418.90234375,53390.9921875,80457.484375,151480.984375,32760.21484375,,,56232.7109375,38108.53515625,8101.35986328125,75712.0234375
2019-02-12,144100.375,26076.533203125,251825.578125,113654.21875,17527.787109375,7078.20458984375,123840.7421875,137558.046875,19282.4375,88984.8125,135152.984375,123255.140625,407151.75,26158.84765625,102136.71875,35596.44921875,121165.9453125,243075.328125,,48252.49609375,42884.6796875,120687.90625,99961.1953125,,96011.0390625,39915.73828125,68445.1484375,110137.65625,75242.109375,,25500.37890625,16001451.0,46620.22265625,111063.84375,28412.1171875,,71790.765625,,59356.37109375,,13562.900390625,60196.625,,113354.15625,184712.578125,143176.015625,23578.2734375,,66755.1171875,125324.3359375,69732.890625,68207.796875,,26265.74609375,74194.0859375,,124887.34375,15031.857421875,45928.28515625,104090.6484375,,142740.078125,51705.4296875,21845.69140625,22895.125,20633.841796875,211616.453125,,110463.1328125,82889.7890625,39927.03515625,,,26442.240234375,28479.158203125,53446.5625,80203.0703125,151482.953125,32811.7265625,,,56138.58203125,38026.08203125,8101.00146484375,75730.53125
2019-02-13,143991.671875,26103.12109375,251825.4375,113599.171875,17516.59765625,7110.11328125,123840.828125,137583.046875,19268.998046875,89018.546875,135141.609375,123219.90625,407154.96875,26168.529296875,102136.203125,35582.40625,121171.03125,243135.28125,,48264.16015625,42344.69140625,120676.375,99112.9765625,,96386.015625,39709.44140625,68341.6484375,110214.046875,75170.2109375,,25536.23046875,16015121.0,46308.7890625,110934.96875,28476.974609375,,71771.9296875,,59473.1484375,,13485.3662109375,60203.4765625,,113339.2421875,184712.46875,143182.15625,23577.70703125,,66716.96875,125280.53125,69805.8046875,68226.0390625,,26316.185546875,74190.9375,,124785.921875,15030.5205078125,45836.75,104081.7421875,,142534.15625,51715.16796875,21828.16796875,23017.07421875,20626.203125,211608.421875,,110445.8046875,82876.71875,39884.37890625,,,26481.673828125,28565.40625,53492.9296875,80013.9375,151484.578125,32867.29296875,,,56039.1171875,37934.015625,8101.88525390625,75748.5234375
2019-02-14,143883.25,26109.0703125,251825.640625,113533.0,17516.580078125,7146.83642578125,123841.046875,137671.34375,19253.078125,89030.9375,135124.9375,123201.734375,407158.53125,26247.103515625,102139.875,35556.4765625,121196.1953125,243193.484375,,48268.05078125,42668.5390625,120666.265625,98714.53125,,96762.296875,39567.40625,68198.1796875,110275.6953125,75124.1875,,25574.265625,16030762.0,46168.75390625,110839.90625,28536.671875,,71767.2734375,,59597.2265625,,13430.203125,60213.07421875,,113328.25,184708.046875,143179.59375,23560.16796875,,66686.4375,125246.5078125,69887.8828125,68243.359375,,26361.55859375,74185.9140625,,124128.015625,15034.4619140625,45746.07421875,104083.984375,,142335.65625,51726.77734375,21816.119140625,23014.560546875,20625.7265625,211589.703125,,110431.6640625,82865.9921875,39866.5234375,,,26517.474609375,28636.0625,53519.5390625,79948.7265625,151485.890625,32922.94921875,,,55926.91015625,37878.078125,8103.1630859375,75773.6328125
2019-02-15,143827.046875,26108.375,251828.34375,113469.953125,17508.57421875,7186.037109375,123841.1328125,137670.03125,19230.2265625,89016.4375,135111.484375,123224.046875,407163.0625,26530.681640625,102139.4296875,35492.453125,121186.671875,243251.6875,,48267.00390625,43332.24609375,120662.0078125,98524.578125,,97089.7265625,39346.6484375,68190.6953125,110325.4375,75075.0390625,,25677.1015625,16053703.0,46109.92578125,110776.203125,28568.306640625,,71765.671875,,59715.0234375,,13357.5341796875,60230.078125,,113316.734375,184704.375,143172.453125,23540.8125,,66661.0703125,125222.359375,69988.359375,68239.25,,26314.068359375,74178.984375,,123723.09375,15035.7509765625,45628.71875,104090.265625,,142148.359375,51719.6796875,21803.048828125,22918.1328125,20622.84765625,211568.625,,110424.4765625,82878.671875,39866.48828125,,,26542.5546875,28645.734375,53540.55078125,79903.1875,151484.3125,32990.96875,,,55803.0546875,37839.13671875,8103.7509765625,75799.703125
2019-02-18,143802.453125,26108.25390625,251829.9375,113415.3046875,17501.66015625,7226.0732421875,123841.703125,137683.1875,19188.078125,88994.8984375,135082.953125,123225.984375,407168.53125,26928.04296875,102164.1171875,35389.28125,121182.875,243303.9375,,48267.79296875,43203.30078125,120658.734375,98438.9296875,,97428.1640625,39162.20703125,68128.9296875,110404.640625,75043.7734375,,25701.9765625,16073830.0,46083.9765625,110859.21875,28595.609375,,71772.7109375,,59819.06640625,,13359.416015625,60254.1953125,,113266.3046875,184700.53125,143167.484375,23552.63671875,,66644.1953125,125208.9140625,70099.1015625,68220.921875,,26223.927734375,74167.140625,,123709.375,15042.44140625,45589.80859375,104081.796875,,141999.0,51709.3046875,21770.330078125,22913.107421875,20618.150390625,211554.15625,,110423.953125,82896.53125,39849.53125,,,26563.728515625,28576.6875,53551.3515625,79868.015625,151483.765625,33017.93359375,,,55682.828125,37813.1640625,8106.3720703125,75798.234375
2019-02-19,143791.828125,26112.962890625,251830.984375,113370.1484375,17497.974609375,7264.38720703125,123844.8984375,137694.3125,19137.75,88970.3125,135057.875,123224.4609375,407175.1875,27417.04296875,102180.8828125,35272.6015625,121212.96875,243366.953125,,48263.22265625,42496.5703125,120654.15625,98399.8359375,,97727.546875,38974.86328125,68072.8515625,110485.484375,75026.5546875,,25686.14453125,16085101.0,46072.9453125,111184.421875,28650.234375,,71787.359375,,59934.9765625,,13461.84375,60269.28125,,113211.671875,184696.34375,143165.96875,23585.515625,,66633.7421875,125204.3203125,70193.984375,68197.6796875,,26155.431640625,74159.171875,,123776.8515625,15046.95703125,45569.55859375,104081.3671875,,141900.671875,51687.81640625,21716.328125,22698.3828125,20616.72265625,211544.28125,,110394.9921875,82899.6328125,39819.50390625,,,26579.3671875,28543.869140625,53568.43359375,79992.0390625,151481.34375,33041.58203125,,,55604.57421875,37809.96875,8112.42041015625,75771.0625
2019-02-20,143785.296875,26119.625,251830.84375,113334.359375,17496.0390625,7294.57958984375,123851.765625,137674.796875,19082.734375,88937.6328125,135038.1875,123233.75,407182.8125,27764.955078125,102214.0078125,35163.58203125,121192.4765625,243451.28125,,48246.59375,42255.05078125,120636.9921875,98383.8125,,97921.1328125,38815.4921875,68046.28125,110548.6015625,75012.78125,,25698.10546875,16092790.0,46066.59375,111411.8046875,28694.28515625,,71801.7109375,,60048.11328125,,13585.2060546875,60267.95703125,,113170.390625,184695.09375,143166.515625,23586.421875,,66626.078125,125199.1484375,70232.5703125,68163.8984375,,26087.419921875,74146.7578125,,123821.546875,15036.568359375,45563.125,104086.078125,,141830.703125,51670.8046875,21648.16015625,22674.5,20615.7265625,211537.21875,,110363.8203125,82898.5078125,39802.7734375,,,26592.42578125,28539.36328125,53575.296875,80099.3359375,151475.03125,32958.70703125,,,55555.1796875,37794.4609375,8129.81396484375,75763.359375
2019-02-21,143782.578125,26125.376953125,251831.625,113306.3125,17493.501953125,7327.79052734375,123856.9921875,137630.359375,19019.779296875,88898.96875,135013.359375,123240.125,407192.09375,28074.11328125,102297.921875,35069.41015625,121203.6875,243484.65625,,48231.7265625,41853.60546875,120574.03125,98369.5234375,,97955.4921875,38684.21484375,68056.0234375,110614.6875,75042.9453125,,25674.71875,16098788.0,46067.3828125,111809.3359375,28746.703125,,71817.046875,,60162.02734375,,13690.1640625,60273.58203125,,113123.96875,184698.75,143169.484375,23557.59765625,,66631.34375,125204.953125,70277.5625,68090.1484375,,25978.791015625,74135.265625,,123866.0390625,14996.623046875,45543.296875,104084.125,,141788.3125,51664.49609375,21574.712890625,22031.419921875,20607.0703125,211531.390625,,110312.7421875,82889.7109375,39791.46875,,,26604.15234375,28540.13671875,53585.6015625,80243.3046875,151474.640625,32211.8515625,,,55557.78125,37779.421875,8168.78662109375,75730.21875
2019-02-22,143735.40625,26128.390625,251831.96875,113286.1640625,17507.1953125,7356.97314453125,123859.6328125,137557.0625,18966.9140625,88858.2734375,134972.890625,123231.296875,407202.40625,28322.72265625,102421.2109375,35031.84765625,121207.765625,243493.765625,,48207.11328125,41696.95703125,120374.2109375,98352.28125,,97871.453125,38558.60546875,68081.6015625,110661.796875,75047.0078125,,25653.0078125,16103859.0,46072.5703125,111917.5859375,28799.38671875,,71822.9609375,,60268.015625,,13763.83203125,60268.73828125,,113081.2734375,184708.984375,143173.140625,23476.28515625,,66643.25,125207.546875,70322.8828125,67992.703125,,25811.712890625,74124.828125,,123869.5859375,14924.4697265625,45559.76953125,104088.890625,,141761.875,51661.86328125,21490.783203125,22058.78515625,20600.87890625,211526.96875,,110314.9765625,82878.4296875,39787.28515625,,,26612.19140625,28529.078125,53587.26953125,80376.5390625,151464.234375,30865.1796875,,,55568.9375,37800.67578125,8220.576171875,75720.0546875
2019-02-25,143616.828125,26132.380859375,251829.90625,113271.6015625,17524.96875,7388.13037109375,123860.828125,137505.8125,18923.169921875,88793.875,134926.390625,123283.4453125,407213.46875,28487.67578125,102585.359375,34994.50390625,121216.3359375,243496.4375,,48191.17578125,41870.75390625,120032.7734375,98336.0625,,97759.0546875,38401.75390625,68131.3125,110698.9296875,75056.171875,,25630.0625,16108611.0,46082.53125,111985.4609375,28852.841796875,,71823.8125,,60369.42578125,,13806.9560546875,60255.2734375,,113054.6953125,184722.234375,143175.0,23417.876953125,,66662.46875,125210.78125,70357.59375,67895.03125,,25633.513671875,74118.1796875,,123859.9765625,14817.49609375,45583.546875,104088.4609375,,141742.3125,51661.5625,21424.04296875,22151.900390625,20590.857421875,211521.421875,,110358.578125,82873.5703125,39790.703125,,,26621.103515625,28573.669921875,53587.94921875,80502.0390625,151455.0,30819.1484375,,,55587.69140625,37807.5,8256.763671875,75735.15625
2019-02-26,143082.421875,26135.93359375,251828.140625,113261.96875,17542.30859375,7444.5693359375,123861.5234375,137490.703125,18883.853515625,88743.8828125,134942.1875,123559.0234375,407226.15625,28620.357421875,102801.890625,35015.53125,121257.8984375,243496.6875,,48163.31640625,41792.61328125,119827.6796875,98319.515625,,97641.5078125,38078.54296875,68247.3125,110706.1171875,75048.0625,,25604.099609375,16112929.0,46092.9453125,112296.875,28921.611328125,,71832.546875,,60478.375,,13820.7001953125,60236.91796875,,113010.21875,184739.796875,143176.21875,23381.564453125,,66689.421875,125218.6328125,70409.90625,67817.9375,,25476.96484375,74112.9609375,,123858.421875,14693.56640625,45608.65625,104091.5859375,,141737.09375,51651.5,21392.251953125,21819.841796875,20577.078125,211516.375,,110332.3671875,82851.6640625,39813.78125,,,26633.16015625,28724.42578125,53581.375,80701.4453125,151444.0,30807.822265625,,,55614.47265625,37791.99609375,8269.9853515625,75737.5703125
2019-02-27,142723.9375,26137.8984375,251825.921875,113254.9609375,17550.994140625,7500.9443359375,123861.7734375,137438.34375,18879.865234375,88674.1171875,134915.875,123616.2734375,407240.6875,28672.060546875,102965.109375,35069.22265625,121270.9296875,243497.46875,,48127.0234375,41866.77734375,119783.84375,98310.7421875,,97564.25,37912.9921875,68439.1875,110723.6796875,74965.8203125,,25564.36328125,16116115.0,46099.03515625,112810.1640625,28968.2265625,,71841.734375,,60570.34375,,13806.15625,60207.5625,,112985.703125,184767.203125,143179.3125,23361.12109375,,66729.2578125,125224.9609375,70395.125,67727.578125,,25377.84765625,74105.8359375,,123854.890625,14578.3037109375,45587.6015625,104096.78125,,141744.015625,51661.8046875,21386.625,22007.75,20561.916015625,211514.671875,,110276.1328125,82836.3515625,39828.51171875,,,26643.298828125,28972.765625,53570.89453125,80902.546875,151413.21875,30800.294921875,,,55630.2109375,37765.390625,8273.8583984375,75756.9921875
2019-02-28,142612.25,26137.6171875,251823.84375,113250.984375,17552.79296875,7529.69482421875,123861.9453125,137348.59375,18890.771484375,88617.0234375,134873.390625,123670.125,407258.25,28707.4296875,103035.40625,35103.37890625,121274.3828125,243497.9375,,48067.61328125,41622.08203125,119785.9296875,98636.4921875,,97519.53125,37884.28515625,68686.703125,110744.015625,74905.53125,,25515.8984375,16118004.0,46092.0,113012.3203125,28984.61328125,,71843.1484375,,60670.09765625,,13775.1904296875,60189.4375,,112970.4765625,184807.09375,143182.5,23351.015625,,66778.53125,125235.1484375,70349.953125,67626.34375,,25309.08203125,74101.7421875,,123836.625,14478.705078125,45568.7890625,104097.4765625,,141747.0625,51660.4375,21402.291015625,22012.5390625,20539.685546875,211511.390625,,110224.5703125,82837.453125,39852.7890625,,,26656.701171875,29251.654296875,53559.30859375,81070.078125,151385.140625,30816.630859375,,,55612.2265625,37744.6640625,8275.6767578125,75784.8203125
2019-03-01,142585.203125,26138.478515625,251821.765625,113250.234375,17552.390625,7543.30615234375,123861.953125,137282.5625,18899.86328125,88552.359375,134846.734375,123690.4765625,407279.375,28686.84375,103073.953125,35083.6875,121284.8046875,243498.0625,,48009.2890625,41661.6640625,119790.0234375,99089.65625,,97493.4375,37892.34375,68941.125,110749.0390625,74857.859375,,25442.9453125,16119048.0,46078.81640625,112970.75,28995.3359375,,71834.125,,60759.0625,,13732.7236328125,60159.25390625,,112921.96875,184844.78125,143184.5625,23334.080078125,,66834.734375,125248.6796875,70268.78125,67511.1171875,,25218.123046875,74087.7265625,,123819.7265625,14371.47265625,45527.16015625,104099.6484375,,141739.6875,51642.78125,21429.958984375,22094.62890625,20512.884765625,211508.484375,,110194.6640625,82847.78125,39893.90625,,,26668.419921875,29428.560546875,53548.890625,81179.21875,151374.71875,30805.435546875,,,55595.4296875,37745.4375,8276.98828125,75839.25
2019-03-04,142611.90625,26138.416015625,251820.9375,113253.078125,17559.361328125,7552.33447265625,123862.0625,137213.5,18896.712890625,88499.171875,134849.171875,123706.765625,407304.4375,28663.869140625,103136.3828125,34975.1640625,121299.4765625,243497.71875,,48017.46484375,41193.77734375,119790.5546875,99459.3046875,,97468.390625,37910.48046875,69197.5078125,110753.359375,74816.3515625,,25346.3359375,16119469.0,46051.25,112948.0390625,28990.96875,,71822.3046875,,60852.73828125,,13678.9716796875,60127.03515625,,112848.4296875,184876.46875,143183.59375,23321.330078125,,66887.9609375,125261.859375,70194.046875,67386.1875,,25154.10546875,74072.0078125,,123810.0625,14130.2197265625,45455.55078125,104104.6171875,,141715.015625,51639.5546875,21466.79296875,22233.84375,20481.021484375,211504.75,,110183.2734375,82847.734375,39963.8828125,,,26676.263671875,29505.12890625,53541.72265625,81250.546875,151348.03125,30761.25,,,55576.3046875,37766.80859375,8272.26171875,75935.0078125
2019-03-05,142638.09375,26138.50390625,251818.484375,113257.390625,17566.65234375,7561.5068359375,123862.0546875,137169.65625,18878.48046875,88438.7734375,134869.453125,123731.9453125,407331.875,28615.15625,103160.90625,34811.140625,121309.625,243497.25,,48041.0859375,40536.15234375,119797.3984375,99655.2578125,,97391.078125,37910.41796875,69378.6640625,110761.9453125,74802.1796875,,25245.78125,16119100.0,46016.69140625,112793.59375,28992.029296875,,71811.921875,,60935.55078125,,13599.984375,60091.96484375,,112788.046875,184900.765625,143182.5625,23308.19140625,,66930.046875,125269.8359375,70132.546875,67293.90625,,25129.583984375,74057.1484375,,123788.96875,13831.748046875,45440.83984375,104117.515625,,141668.078125,51635.40625,21498.52734375,22474.4921875,20458.3828125,211500.03125,,110176.8125,82856.3125,40060.80859375,,,26683.2890625,29539.2109375,53532.4375,81301.1328125,151311.953125,30748.43359375,,,55561.734375,37781.8046875,8269.580078125,76036.8515625
2019-03-06,142657.5,26137.712890625,251816.09375,113262.625,17567.37109375,7572.6865234375,123862.0859375,137096.046875,18857.08984375,88392.421875,134797.3125,123751.671875,407360.875,28565.14453125,103188.9765625,34630.06640625,121300.8828125,243496.828125,,48065.1875,39594.96875,119813.8515625,99717.7890625,,97181.78125,37911.8828125,69503.5390625,110768.375,74798.5078125,,25129.2890625,16118184.0,45975.47265625,112519.3828125,28971.2890625,,71800.6328125,,61032.33203125,,13530.865234375,60072.0234375,,112749.2109375,184922.828125,143180.765625,23245.412109375,,66968.765625,125270.71875,70083.421875,67188.9375,,25117.408203125,74038.9609375,,123756.6171875,13544.017578125,45409.0703125,104118.71875,,141603.40625,51626.04296875,21532.560546875,22648.212890625,20438.55859375,211495.296875,,110173.5703125,82874.546875,40153.52734375,,,26687.58203125,29499.982421875,53511.8828125,81329.8828125,151252.1875,30722.5546875,,,55530.30859375,37795.296875,8259.19921875,76112.4609375
2019-03-07,142678.1875,26132.5078125,251814.8125,113268.765625,17563.982421875,7583.7744140625,123862.0,137032.75,18838.279296875,88337.8046875,134623.9375,123768.9140625,407390.1875,28496.34765625,103190.9375,34427.31640625,121303.515625,243496.546875,,48083.2421875,39238.63671875,119837.9609375,100022.984375,,96898.3828125,37927.6953125,69595.4140625,110766.265625,74794.421875,,25026.9453125,16117140.0,45929.859375,112325.4609375,28938.60546875,,71786.515625,,61118.84375,,13484.287109375,60055.0234375,,112721.9765625,184940.6875,143181.578125,22804.431640625,,66999.3515625,125266.515625,70053.6484375,67022.7265625,,25109.1796875,74024.1796875,,123738.0859375,13280.2880859375,45325.55078125,104120.359375,,141544.25,51602.109375,21560.966796875,22569.3203125,20423.44140625,211491.65625,,110171.0390625,82900.6484375,40211.9765625,,,26685.7421875,29524.20703125,53489.31640625,81354.5234375,151186.265625,30694.1875,,,55500.9609375,37810.7578125,8244.81640625,76175.8984375
2019-03-08,142701.96875,26115.294921875,251814.046875,113276.4765625,17552.033203125,7593.66650390625,123861.7578125,136945.703125,18814.61328125,88287.6796875,134324.953125,123795.734375,407418.8125,28416.115234375,103194.875,34195.96484375,121284.46875,243496.71875,,48095.59765625,39822.703125,119869.515625,101207.40625,,96677.4609375,37908.0625,69644.3515625,110769.8515625,74793.2109375,,24995.763671875,16114700.0,45884.26171875,112245.4375,28888.57421875,,71766.953125,,61213.24609375,,13455.703125,60052.453125,,112702.5546875,184961.203125,143182.296875,22563.869140625,,67028.703125,125255.3984375,69937.078125,66854.6796875,,25098.732421875,74018.4765625,,123723.6953125,13020.4404296875,45211.5,104120.25,,141508.28125,51559.7109375,21583.90625,22659.388671875,20421.453125,211490.796875,,110165.203125,82930.0703125,40232.61328125,,,26680.994140625,29534.484375,53458.96484375,81379.171875,151124.84375,30678.259765625,,,55462.6328125,37796.484375,8230.7724609375,76250.625
2019-03-11,142726.828125,26091.416015625,251813.53125,113286.4375,17539.224609375,7603.3935546875,123861.3828125,136867.703125,18773.248046875,88254.359375,133976.46875,123819.6015625,407445.59375,28364.203125,103200.859375,33991.61328125,121276.5625,243497.25,,48096.6640625,40617.38671875,119904.046875,102550.625,,96539.8515625,37897.06640625,69660.4296875,110763.28125,74792.28125,,24974.8671875,16112781.0,45843.2421875,112093.578125,28850.251953125,,71746.3046875,,61315.921875,,13438.1884765625,60051.30859375,,112700.9453125,184993.8125,143179.03125,22495.3125,,67048.390625,125251.890625,69709.859375,66678.4609375,,25094.4765625,74028.265625,,123736.0625,12788.4765625,45066.24609375,104119.46875,,141494.84375,51525.9453125,21606.34375,22955.935546875,20425.939453125,211492.875,,110166.46875,82945.734375,40217.13671875,,,26678.0859375,29404.671875,53412.49609375,81392.4453125,151063.078125,30670.1875,,,55402.5234375,37775.88671875,8208.830078125,76490.7421875
2019-03-12,142731.28125,26075.55859375,251813.0625,113300.125,17534.005859375,7613.46435546875,123860.7734375,136845.59375,18718.94140625,88221.4921875,133680.609375,123837.8515625,407469.34375,28315.328125,103183.6328125,33850.96484375,121306.1875,243497.40625,,48031.64453125,41522.10546875,119931.921875,104240.0390625,,96467.9453125,37879.21484375,69663.828125,110774.328125,74794.140625,,24853.572265625,16110970.0,45805.40234375,112007.40625,28777.328125,,71733.5859375,,61452.9453125,,13428.3134765625,60054.5390625,,112702.4140625,185019.09375,143177.921875,22467.138671875,,67070.515625,125255.9140625,69535.6015625,66480.828125,,25087.43359375,74027.8046875,,123754.640625,12624.8828125,44917.65234375,104113.390625,,141507.125,51510.5390625,21619.626953125,23665.755859375,20436.935546875,211495.890625,,110170.0,82977.125,40162.83984375,,,26677.15625,29233.892578125,53364.109375,81399.21875,151034.671875,30661.337890625,,,55231.6484375,37769.0,8203.724609375,76576.328125
2019-03-13,142735.390625,26068.513671875,251812.6875,113318.1640625,17541.73046875,7624.021484375,123860.125,136859.09375,18655.58203125,88187.8671875,133455.875,123853.3515625,407489.9375,28274.9296875,103207.578125,33756.9375,121340.296875,243498.0,,48007.09375,41900.15234375,119956.703125,106293.703125,,96420.015625,37849.46875,69685.2734375,110777.921875,74801.7109375,,24690.53125,16109101.0,45767.25390625,112086.140625,28704.416015625,,71719.3203125,,61727.296875,,13425.78125,60062.65625,,112684.8828125,185040.390625,143179.859375,22453.03125,,67089.0859375,125267.3828125,69150.3984375,66375.328125,,25088.404296875,74015.53125,,123773.734375,12525.4140625,44811.18359375,104116.265625,,141554.828125,51515.36328125,21615.623046875,24202.89453125,20465.19140625,211497.5,,110168.0625,83003.21875,40141.8828125,,,26679.09375,29111.55859375,53317.40234375,81422.890625,150978.203125,30655.62890625,,,54857.25,37778.765625,8193.3603515625,76486.875
2019-03-14,142736.59375,26061.384765625,251812.515625,113340.515625,17556.69140625,7634.0048828125,123859.640625,136856.125,18592.984375,88161.0625,133314.09375,123865.75,407508.0625,28256.83203125,103222.1953125,33685.9296875,121352.0546875,243498.484375,,47993.16796875,41538.57421875,119979.5546875,109437.703125,,96384.40625,37841.25390625,69705.8984375,110785.7578125,74811.078125,,24535.015625,16107588.0,45691.7265625,112255.7421875,28644.25,,71718.5546875,,62099.75,,13427.5126953125,60073.2890625,,112664.546875,185057.9375,143182.625,22459.919921875,,67103.5234375,125296.3984375,68874.7578125,66179.5234375,,25087.548828125,73999.75,,123823.125,12467.392578125,44743.234375,104127.25,,141661.25,51529.34765625,21605.12890625,24500.83984375,20509.830078125,211499.484375,,110170.78125,83028.875,40206.140625,,,26682.501953125,29019.73046875,53236.0859375,81432.0078125,150899.890625,30653.986328125,,,54894.89453125,37806.94921875,8177.41259765625,76303.875
2019-03-15,142723.96875,26030.5,251812.09375,113367.390625,17563.71875,7640.3388671875,123859.203125,136855.3125,18535.310546875,88136.671875,133278.828125,123878.6640625,407524.15625,28244.271484375,103229.8671875,33600.2109375,121381.1640625,243498.796875,,48001.58203125,41146.328125,119994.96875,111097.96875,,96351.0390625,37842.65625,69689.8828125,110788.3125,74818.109375,,24385.9921875,16105649.0,45666.5234375,112446.3359375,28620.376953125,,71717.8828125,,62366.9609375,,13424.6318359375,60081.1875,,112676.953125,185073.234375,143183.59375,22480.39453125,,67113.5546875,125357.765625,68651.390625,66049.4375,,25085.9296875,73987.9609375,,123810.0546875,12433.7431640625,44694.66796875,104132.2890625,,141839.921875,51549.1015625,21589.296875,24729.76953125,20544.18359375,211501.171875,,110164.515625,83054.984375,40230.6328125,,,26682.75390625,28945.326171875,53177.91015625,81453.3828125,150828.8125,30657.501953125,,,54921.45703125,37808.5,8159.44921875,75956.5234375
2019-03-18,142724.890625,26014.27734375,251811.828125,113392.21875,17558.26953125,7646.70751953125,123858.828125,136860.71875,18482.5859375,88105.6953125,133301.328125,123889.546875,407539.28125,28224.34765625,103222.53125,33539.828125,121397.078125,243499.265625,,48057.2265625,40842.5,120009.0,110937.546875,,96326.78125,37831.26171875,69651.703125,110788.4296875,74823.5546875,,24224.578125,16104865.0,45664.2890625,112639.171875,28580.18359375,,71717.1796875,,62489.16015625,,13419.6328125,60090.06640625,,112685.4375,185086.171875,143182.5,22479.65234375,,67121.1953125,125404.1171875,68554.1171875,66056.359375,,25087.9375,74008.375,,123800.515625,12412.4560546875,44657.34375,104135.7890625,,141915.125,51572.87109375,21571.228515625,25016.505859375,20588.9296875,211501.40625,,110159.6484375,83072.1484375,40251.81640625,,,26682.525390625,28886.333984375,53116.0859375,81480.578125,150735.84375,30665.0078125,,,54854.28125,37813.1484375,8148.314453125,75028.9453125
2019-03-19,142722.53125,26010.94921875,251811.78125,113412.2109375,17548.28125,7652.2177734375,123858.484375,136878.625,18436.0703125,88083.546875,133396.734375,123898.484375,407554.4375,28215.625,103233.5703125,33481.88671875,121425.2109375,243499.59375,,48206.828125,40891.1171875,120019.6796875,110945.546875,,96307.9375,37823.22265625,69618.4921875,110796.9375,74827.5,,24064.052734375,16104602.0,45668.37890625,112845.3125,28548.498046875,,71715.671875,,62590.96484375,,13402.15625,60097.9765625,,112683.6953125,185097.171875,143181.6875,22460.833984375,,67127.3046875,125449.71875,68577.6171875,66089.5078125,,25088.326171875,74026.359375,,123823.3984375,12392.416015625,44627.09375,104141.3359375,,142013.359375,51608.05859375,21550.412109375,25262.1171875,20645.580078125,211502.328125,,110164.9140625,83082.8046875,40283.77734375,,,26686.43359375,28817.1015625,53060.10546875,81505.1015625,150641.296875,30673.353515625,,,54818.65234375,37827.671875,8140.8642578125,73341.765625
2019-03-20,142715.625,26015.6328125,251811.71875,113429.0,17534.53515625,7660.35302734375,123858.2109375,136892.78125,18394.96875,88062.8984375,133583.375,123906.8359375,407570.25,28201.2734375,103252.40625,33411.125,121448.484375,243500.03125,,48347.26953125,40725.90234375,120025.28125,110950.6796875,,96290.984375,37814.9296875,69588.5859375,110803.0625,74830.125,,23900.556640625,16104098.0,45667.99609375,113221.59375,28534.578125,,71716.09375,,62674.40234375,,13391.2373046875,60108.3203125,,112690.8125,185110.03125,143181.03125,22435.8515625,,67132.1640625,125489.9296875,68669.09375,66132.8359375,,25085.521484375,74052.46875,,123862.984375,12374.005859375,44593.34375,104151.78125,,142082.03125,51617.33984375,21528.390625,25392.54296875,20707.20703125,211502.5,,110173.484375,83068.8125,40376.75,,,26691.158203125,28731.34765625,53009.7890625,81524.4375,150529.0625,30674.73046875,,,54805.2421875,37844.8359375,8137.06884765625,72330.6875
2019-03-21,142726.109375,26030.982421875,251811.6875,113444.1484375,17519.35546875,7668.6162109375,123858.1015625,136896.078125,18359.240234375,88047.78125,133772.0,123911.9453125,407587.1875,28182.697265625,103279.4375,33405.40234375,121441.140625,243500.5,,49036.63671875,40370.08984375,120032.5859375,110947.375,,96269.7890625,37792.80859375,69560.703125,110813.9375,74830.75,,23739.76953125,16102795.0,45660.4375,113559.5,28508.30859375,,71715.2890625,,62787.78125,,13387.640625,60114.39453125,,112712.984375,185138.3125,143179.453125,22342.619140625,,67136.1015625,125550.25,68708.359375,66184.8828125,,25087.208984375,74088.1015625,,123910.171875,12365.7099609375,44563.7890625,104212.15625,,142172.28125,51622.15625,21508.193359375,25512.404296875,20757.33203125,211500.765625,,110199.0859375,82973.8046875,40458.92578125,,,26696.0703125,28778.185546875,52959.74609375,81541.2265625,150358.5625,30677.88671875,,,54806.33984375,37853.79296875,8134.5771484375,71951.53125
2019-03-22,142738.140625,26046.533203125,251811.75,113456.7265625,17502.3125,7678.59228515625,123857.7890625,136944.8125,18329.642578125,88029.4609375,134064.6875,123913.0859375,407605.53125,28169.271484375,103294.7265625,33461.12109375,121441.9921875,243501.296875,,51828.05859375,40006.58984375,120038.40625,110943.1875,,96250.5625,37771.54296875,69532.1015625,110827.125,74830.4375,,23594.53125,16099872.0,45649.98046875,113798.0078125,28484.685546875,,71705.84375,,62879.234375,,13385.515625,60111.859375,,112761.7265625,185162.90625,143175.828125,22147.208984375,,67139.8203125,125608.6171875,68830.390625,66245.2109375,,25086.728515625,74133.9375,,123996.4609375,12354.5361328125,44546.96875,104371.8203125,,142261.703125,51628.12109375,21492.552734375,25924.62890625,20774.5390625,211503.265625,,110245.4296875,82790.8828125,40521.12890625,,,26698.8046875,29020.0234375,52916.4921875,81555.421875,150207.203125,30693.30859375,,,54808.546875,37893.265625,8134.728515625,71839.5
2019-03-25,142779.9375,26037.73828125,251811.75,113467.03125,17461.21484375,7688.9560546875,123857.421875,136933.890625,18306.35546875,88007.671875,134404.15625,123914.0234375,407624.59375,28140.27734375,103309.65625,33479.375,121442.7265625,243502.90625,,53077.79296875,39354.984375,120041.546875,110935.0,,96238.6953125,37748.71875,69452.5703125,110812.625,74831.9609375,,23500.4921875,16095714.0,45635.0078125,113797.484375,28434.9375,,71701.703125,,62930.20703125,,13381.1484375,60099.0078125,,112822.3515625,185200.0,143166.9375,21991.541015625,,67142.203125,125632.9453125,68751.21875,66297.5078125,,25087.04296875,74147.2734375,,124066.6328125,12344.1259765625,44526.4296875,104555.765625,,142352.21875,51634.2421875,21483.25,26448.4453125,20769.15625,211511.328125,,110256.09375,82585.90625,40572.546875,,,26693.1875,29367.595703125,52872.125,81560.1015625,150034.453125,30712.4609375,,,54805.2109375,37927.68359375,8134.86865234375,71762.90625
2019-03-26,142839.46875,26026.95703125,251811.921875,113479.9921875,17385.630859375,7696.830078125,123857.1953125,136884.578125,18285.330078125,88000.390625,134568.28125,123912.515625,407645.65625,28123.640625,103310.8828125,33485.15625,121398.2578125,243505.25,,53716.2421875,38709.52734375,120043.484375,110935.9453125,,96229.671875,37729.85546875,69352.1015625,110824.140625,74833.984375,,23509.25390625,16091394.0,45609.80078125,113675.6796875,28379.80078125,,71696.7734375,,62968.05859375,,13377.65234375,60082.0234375,,112882.640625,185253.15625,143156.265625,21932.580078125,,67144.3671875,125674.375,68382.078125,66356.578125,,25084.95703125,74128.71875,,124150.5703125,12346.8828125,44509.0703125,104670.078125,,142437.203125,51637.7734375,21479.59765625,26636.84375,20783.35546875,211551.859375,,110248.3203125,82397.3984375,40617.7421875,,,26692.875,29730.802734375,52827.99609375,81563.03125,149808.84375,30742.646484375,,,54789.56640625,37955.62890625,8136.2880859375,71736.671875
2019-03-27,142891.875,26023.42578125,251811.8125,113493.984375,17318.232421875,7703.06591796875,123857.1796875,136891.421875,18268.615234375,87987.71875,134769.375,123911.765625,407667.625,28101.232421875,103302.7578125,33494.078125,121408.984375,243507.375,,53747.35546875,38339.12890625,120045.0390625,110950.8671875,,96225.3828125,37732.56640625,69262.3203125,110840.015625,74834.5859375,,23406.69921875,16088707.0,45597.796875,113591.3984375,28346.296875,,71686.296875,,63042.3984375,,13371.8115234375,60058.13671875,,112906.84375,185289.46875,143147.6875,21931.15234375,,67147.484375,125690.640625,68199.5859375,66418.140625,,25084.3046875,74100.328125,,124212.046875,12348.5419921875,44495.9765625,104737.234375,,142493.453125,51636.8046875,21476.728515625,26700.669921875,20787.9375,211594.671875,,110236.5390625,82198.078125,40648.45703125,,,26693.708984375,30066.16796875,52789.5390625,81568.5546875,149668.484375,30773.5,,,54794.453125,38000.44140625,8136.3037109375,71723.2578125
2019-03-28,142964.390625,26001.46484375,251812.09375,113508.1640625,17275.009765625,7712.43701171875,123857.125,136858.53125,18257.0703125,87976.484375,134934.96875,123910.71875,407689.28125,28077.27734375,103287.9375,33470.2109375,121406.28125,243509.390625,,55049.48046875,38043.5546875,120045.6328125,110961.65625,,96227.9921875,37727.421875,69182.3046875,110842.359375,74834.7890625,,23306.857421875,16086409.0,45597.16015625,113050.5,28295.86328125,,71686.234375,,63042.77734375,,13363.736328125,60020.83203125,,112900.71875,185319.03125,143140.265625,21937.431640625,,67150.453125,125703.0390625,68064.0859375,66426.8359375,,25074.03515625,74081.5390625,,124242.6484375,12353.44140625,44492.73046875,104808.671875,,142537.90625,51649.6953125,21473.9140625,26724.9609375,20743.76953125,211611.296875,,110215.921875,82045.390625,40669.82421875,,,26701.916015625,30321.56640625,52758.50390625,81570.3203125,149572.359375,30773.3671875,,,54796.16796875,38015.40234375,8135.54833984375,71720.40625
2019-03-29,143069.265625,25976.19140625,251812.234375,113521.03125,17245.638671875,7724.03515625,123857.140625,136842.921875,18250.388671875,87967.8203125,135085.328125,123909.421875,407718.25,28061.95703125,103265.484375,33433.359375,121406.1484375,243510.9375,,55439.53125,38009.53125,120046.296875,110961.5390625,,96240.359375,37713.10546875,69117.546875,110845.2109375,74835.2890625,,23204.76171875,16083699.0,45605.9921875,112119.1171875,28266.591796875,,71689.8359375,,62979.96875,,13360.3662109375,59972.69140625,,112894.078125,185330.1875,143135.28125,21953.853515625,,67152.875,125701.78125,68050.515625,66381.125,,25070.0625,74061.984375,,124183.59375,12357.138671875,44506.62890625,104852.484375,,142600.59375,51659.16015625,21470.767578125,26729.306640625,20696.1015625,211617.921875,,110217.3203125,81947.390625,40696.97265625,,,26717.1953125,30469.046875,52734.7109375,81554.3828125,149505.015625,30759.37109375,,,54790.23828125,37998.95703125,8134.6708984375,71731.2578125
2019-04-01,143154.6875,25958.42578125,251812.140625,113527.9453125,17226.25390625,7732.98779296875,123857.1328125,136858.8125,18243.189453125,87960.0390625,135434.890625,123908.8046875,407756.65625,28040.04296875,103230.9921875,33429.84375,121429.5078125,243511.28125,,55325.4453125,37694.55078125,120047.1640625,110956.0625,,96250.34375,37721.81640625,69071.0703125,110883.890625,74834.9140625,,23077.76953125,16080959.0,45623.25390625,111201.25,28219.431640625,,71688.4140625,,63017.58203125,,13357.4306640625,59922.3828125,,112879.453125,185318.25,143143.90625,21977.70703125,,67156.8046875,125705.8984375,68152.96875,66351.1484375,,25066.751953125,74051.1328125,,124099.109375,12360.66015625,44514.3046875,104889.6171875,,142642.0,51629.2265625,21464.21484375,26700.1328125,20661.8984375,211621.578125,,110233.4921875,81854.9296875,40728.23046875,,,26725.076171875,30512.546875,52717.31640625,81554.8203125,149500.03125,30747.65234375,,,54792.234375,38005.58984375,8133.1513671875,71806.0859375
2019-04-02,143184.25,25949.662109375,251812.28125,113528.75,17214.560546875,7738.6435546875,123857.1640625,136913.484375,18224.095703125,87956.234375,136144.390625,123909.7421875,407803.125,28036.5625,103178.7421875,33472.3125,121470.6171875,243510.828125,,55132.83203125,37318.46875,120047.984375,110936.3203125,,96248.5078125,37702.453125,69034.8828125,110938.1171875,74833.7578125,,22964.384765625,16080189.0,45641.33203125,110715.234375,28189.21484375,,71685.15625,,63055.46484375,,13355.8974609375,59872.1796875,,112832.15625,185289.359375,143172.03125,21994.716796875,,67162.3515625,125699.7109375,68352.390625,66346.421875,,25072.19921875,74045.5390625,,124045.3984375,12361.4208984375,44508.609375,104962.7890625,,142632.265625,51594.96484375,21455.703125,26658.8203125,20649.759765625,211623.203125,,110235.7265625,81765.1953125,40758.0078125,,,26733.400390625,30540.568359375,52705.6015625,81561.640625,149551.8125,30749.931640625,,,54807.015625,38035.9296875,8132.095703125,71764.921875
2019-04-03,143157.40625,25946.529296875,251812.796875,113527.2734375,17209.736328125,7740.95263671875,123857.0703125,136955.84375,18209.453125,87956.1484375,137270.90625,123909.2265625,407861.0,28024.15234375,103106.0,33519.0078125,121506.375,243510.46875,,54726.7109375,36857.5078125,120048.0390625,110901.7578125,,96236.5625,37686.16015625,69000.7578125,111000.2265625,74833.3828125,,22867.361328125,16079458.0,45657.2421875,110548.09375,28171.2421875,,71688.4609375,,63127.0546875,,13349.0146484375,59828.87890625,,112777.375,185256.15625,143194.171875,21998.6484375,,67170.515625,125687.8515625,68605.671875,66276.5859375,,25069.55078125,74029.28125,,123994.4140625,12350.8623046875,44484.37890625,105052.34375,,142586.421875,51572.6796875,21446.908203125,26698.60546875,20649.48828125,211623.671875,,110230.671875,81659.5546875,40794.29296875,,,26739.04296875,30592.046875,52699.33984375,81569.5,149591.140625,30775.267578125,,,54828.140625,38040.2734375,8131.32373046875,71736.984375
2019-04-04,143082.15625,25934.060546875,251813.203125,113525.6328125,17205.1015625,7739.6103515625,123857.2109375,137022.078125,18198.017578125,87959.4140625,138898.96875,123912.7734375,407930.875,28010.7265625,103024.7734375,33562.87890625,121528.21875,243509.921875,,54244.47265625,36604.46484375,120048.359375,110867.265625,,96223.765625,37687.8046875,68970.4140625,111047.6953125,74833.2265625,,22784.3125,16079442.0,45671.6171875,110455.578125,28149.888671875,,71688.4609375,,63214.4375,,13350.9609375,59793.90234375,,112740.6640625,185220.21875,143196.1875,21992.818359375,,67180.25,125684.75,68863.5,66234.265625,,25075.2734375,74012.7421875,,123981.546875,12335.5791015625,44454.0390625,105143.9609375,,142552.703125,51538.76953125,21438.02734375,26729.677734375,20635.03125,211624.375,,110217.046875,81551.796875,40789.953125,,,26742.419921875,30639.453125,52698.12109375,81567.078125,149638.09375,30817.046875,,,54846.4296875,38050.48046875,8131.10986328125,71713.03125
2019-04-05,142977.1875,25914.546875,251814.046875,113523.578125,17199.806640625,7737.98828125,123857.3359375,137060.140625,18193.876953125,87962.7421875,141056.15625,123915.0234375,408023.78125,28000.26953125,102951.3359375,33615.22265625,121553.375,243509.828125,,54005.23828125,36405.68359375,120048.4296875,110846.0,,96205.2109375,37719.62890625,68947.3046875,111072.1796875,74833.671875,,22715.419921875,16079408.0,45680.56640625,110263.3203125,28124.42578125,,71685.203125,,63274.81640625,,13348.6650390625,59759.22265625,,112711.4765625,185184.421875,143190.390625,21981.498046875,,67191.2265625,125674.546875,69089.265625,66194.2578125,,25076.5078125,74024.828125,,123949.421875,12328.259765625,44398.4921875,105242.2734375,,142517.5,51520.6328125,21431.095703125,26748.685546875,20608.3203125,211625.5,,110214.34375,81454.015625,40729.640625,,,26744.3359375,30668.44140625,52697.7265625,81570.4296875,149696.984375,30869.259765625,,,54852.3515625,38055.18359375,8131.3193359375,71704.1640625
2019-04-08,142913.328125,25868.890625,251813.671875,113521.5078125,17192.97265625,7731.29541015625,123857.421875,137131.03125,18189.6640625,87962.1796875,143366.21875,123918.4296875,408165.125,27994.30078125,102874.5078125,33679.0078125,121585.5859375,243509.484375,,53913.62109375,35880.2578125,120048.5,110843.328125,,96178.8203125,37713.28125,68920.9765625,111091.921875,74834.234375,,22657.41796875,16079452.0,45658.6875,110010.328125,28104.30078125,,71686.28125,,63336.4609375,,13341.662109375,59727.33984375,,112681.203125,185149.890625,143185.25,21971.41015625,,67204.6796875,125662.296875,69331.5546875,66133.546875,,25071.541015625,74036.7109375,,123936.9296875,12330.6142578125,44276.87890625,105342.578125,,142491.8125,51501.4140625,21424.025390625,26768.478515625,20600.1953125,211626.1875,,110226.6953125,81345.1640625,40646.9921875,,,26744.62109375,30693.494140625,52697.1171875,81579.15625,149738.140625,30911.314453125,,,54856.421875,38078.3515625,8131.25830078125,71701.71875
