,F_AD,F_AE,F_AH,F_AX,F_BO,F_BP,F_C,F_CA,F_CD,F_CF,F_DL,F_DM,F_DT,F_DX,F_EB,F_EC,F_ED,F_F,F_FC,F_FL,F_FM,F_FP,F_FV,F_FY,F_GC,F_GD,F_GS,F_GX,F_JY,F_LU,F_LX,F_MD,F_MP,F_ND,F_PQ,F_RF,F_RP,F_RR,F_RY,F_SF,F_SS,F_SX,F_TU,F_TY,F_UB,F_US,F_UZ,F_XX,F_YM,F_ZQ
0,70031.20580939885,97271.2658819073,7679.631767610267,265439.696777129,16918.36101784732,79155.1045818681,18818.65499671831,46986.398544232274,73779.17524860562,157645.28657000558,28614.549521468107,108030.71505616824,164910.21850968577,96355.62509888502,250753.0308433489,142785.0861575292,243206.56145496207,251803.0187890839,73006.2971175419,52284.32790588197,20576.24738234713,36417.0277589527,114778.714705339,16786.080631123783,128586.17016452756,94007.91604960067,123739.5614129173,183601.67002942448,115198.7403276199,84876.17793845094,66560.17364163822,165466.82662986705,25277.308344228797,66705.89661309731,47292.46433705601,140285.60481465684,112769.99387274744,7199.772991812221,15483901.669703852,127207.26195117609,123777.18491419303,83032.60178026883,212306.24532864327,122336.25139546458,132956.8539350283,147075.70113006336,111978.21899401117,27383.618609056197,116617.58029805409,406686.8528272224
1,70106.69076975816,96097.07095162639,7726.538048618506,260398.15018078376,17070.412919211685,79222.24131655847,19012.14069677356,46045.967244935004,74226.88031182438,159028.57335187242,28630.192171418774,106750.89508376438,165117.030559646,95848.80253417577,250741.15499195034,143426.18421161314,243320.15337788803,251816.76457029596,72289.70104042688,52917.55634937586,20242.52613925951,36501.60819250123,115377.58218910605,16577.926989176507,129513.97611968259,95140.28013515995,123996.88583022174,183904.27219686564,116852.87808467846,82835.84127568963,66329.65048748605,162574.20408242507,25202.859628770097,67015.0071389258,47351.048656802384,140502.7112532732,113084.88132600854,7199.330077555603,15310239.716288915,127493.82625542242,123808.53960683417,83581.77872131913,212796.1067408586,123203.47376234246,133046.21320924134,148500.9164673186,111989.65611370343,27153.02709941885,112558.46293181127,406789.8777730347
2,71272.26541735658,98465.0845473624,7812.455557541092,268798.21514913253,17194.79980089465,79777.89863313154,19145.032372549947,47358.195978064,74669.38787991786,158356.90976586455,28488.04933953472,109709.50233384823,164073.10568982526,95812.06669388228,250737.90759326017,143161.6580646378,243220.5957571239,251819.19776562162,71474.89790706,53675.212712479646,20797.776483051748,37681.204836272846,114740.94118845095,17080.188642615765,128841.24648063455,96611.90788270319,123249.58499817036,181639.41649483886,116029.54545839477,83237.90086347172,67498.68963023068,168902.63844956292,25439.06703740095,67445.34546915414,48821.249670694706,140407.27619712023,111998.46615632162,7310.413799836622,15460016.686347086,127433.38443715527,123771.43340969739,85629.94373991215,212307.4177900008,122304.72178594492,132745.33522588378,146941.1842073074,111942.09493448997,27880.726872059568,117583.36702313481,406699.74735534145
3,71505.01382346131,98537.00728318475,7830.990763219568,268102.7975770193,17096.679842741687,80026.65618763388,19079.75460633825,47127.064352289824,75222.80255732495,158134.88190635366,28306.302343321528,111003.49004769947,163874.50269922067,95329.147724325,250746.56831776956,144315.69732883858,243218.8107136162,251823.71112877657,71813.35501402916,52917.751993836304,20958.555974075636,37363.421874220025,114534.91226327754,17026.012425493413,129031.58889841716,97272.68983543263,123412.61044379199,181182.5723524044,115728.37270907656,80482.99313717721,67359.34403857109,170329.6565513785,25532.429922700358,67592.09746430095,49158.64831966835,140397.83670330286,112841.9530587617,7426.168687894003,15588133.167871896,128490.97747392899,123787.8917816217,84543.94326567826,212112.7136725155,121989.569249549,132601.73522691886,146329.52115199046,111910.7325434379,27809.248503407118,117455.14644681492,406684.4109075381
4,71458.45416623195,98715.0810319786,7868.658003154834,270210.6513952621,17052.36256254945,79750.74617054357,18983.987625708076,47776.48765444823,75373.88589654649,157835.50932211342,28183.24102104687,112518.38491066253,163773.13802410828,95506.07546744478,250729.98123521183,143677.50639409828,243218.86972694634,251823.2927633745,72594.62071531569,52514.40064210823,21257.938281614748,38242.81891997592,114287.86578705716,17205.808685054893,128736.4839131626,98353.14877920374,123253.20761234405,181087.5808527122,115590.29389953199,81915.14999330854,68020.36587997788,173310.2794708193,25538.359529962847,67293.91872739086,48948.09183769974,140189.6734701333,112627.98934621838,7397.73245197368,15536996.045687325,128006.33564451338,123773.63109414579,85415.23269125861,211887.48891169226,121654.04071193795,132547.74493379326,145725.18146668322,111889.90347062239,27889.341429263648,118880.18788714273,406620.50569209387
5,71876.01066562333,99171.53294362882,7963.108246015265,271672.4195477028,17171.85408075556,80205.8109182349,19106.756518776296,48064.25689237823,75797.96697282662,157654.6341428725,28145.947804140254,113784.95998770208,163933.4028271703,94796.3834356092,250735.14547762676,145079.17432685156,243231.25854047659,251809.70180457563,72480.22172771173,53116.810969306534,21420.41788220468,38609.31706218755,114441.7456373464,17248.56756446849,129420.4295166237,101187.47815042324,123392.58280395974,181326.7391908075,116272.37710023846,81800.93922615217,68435.24547464075,174925.4457758547,25732.516271074004,68008.19282362785,49470.6664730475,140597.03334194032,113082.2117446032,7421.157441990025,15627254.745174987,129269.78300783664,123761.07549846251,85760.46549971928,212023.65343767044,121803.1258254178,132635.82739091772,145841.70004552192,111914.06731809485,27904.60251592004,119199.85337985835,406663.9187536026
6,71903.18142841116,99416.07114294896,7928.815525713368,273429.0793255901,16873.54490056578,79930.34909014094,18796.673614400115,48124.64311416881,75565.1148872721,157673.34259068134,28146.545680700558,114300.72129338844,164137.45014526913,95092.21281792545,250745.94910276996,144642.55785859487,243231.60788503857,251821.02538256615,72488.0538031937,52835.79030870085,21460.182943220323,38950.53218076611,114393.24676734653,17357.35797290876,128872.34713992845,101490.66198349597,123177.3208624865,181951.86897415988,115886.57557571202,81963.84708536975,68557.83547104574,176228.4795018151,25845.941844036723,67892.79033549546,49149.30825140567,141417.63585138507,112981.90402330106,7397.388540276049,15582689.118018454,127718.65344693912,123734.96243898099,87532.10270170048,211972.93094410904,121721.05576586317,132727.5956334217,145380.4678880032,111919.7679129207,28135.954817430156,119892.91214969933,406645.1816954986
7,72149.80504528935,99628.6345424762,7942.478047738917,271926.3030526753,17064.119093389145,80457.92093213649,18954.46288232315,47686.12561000666,75438.0782430819,157804.91382229043,28127.17541015369,113075.34489941533,164441.75039474218,95254.71964070789,250739.40939136964,144181.09247920092,243244.03657586512,251821.7866038715,72434.47976907964,53753.37627935621,21466.648940451094,38526.6464630625,114551.67835276034,17341.668453043098,128917.95033703715,100750.71617215947,122942.9404728924,182423.66452963636,115796.4441236993,82375.149065186,68446.3617642309,176224.42324633425,25872.884542689033,68380.48733957195,49492.698127044336,140941.6157608905,111753.80141144461,7403.011070932898,15548691.51025082,127940.99482651766,123729.98930830105,87481.29993901728,212069.87763442477,121978.7840869352,132819.6648276695,145854.43913435983,111915.22562756814,28134.709038642475,119691.65304213575,406667.72235244606
8,72030.7618549193,99013.26133533423,7962.8684072337,271103.815626878,17034.31483752835,80648.227306808,18949.403883616793,47572.69240258631,75428.06015820161,157762.583223939,28665.56252339236,112121.53959378331,164593.96478394422,95215.28121606672,250756.0975982188,144081.54395454715,243256.7601663797,251824.1405387113,72200.92178047249,53590.36345942848,21365.812212541736,38435.53149871185,114559.46418920379,17249.172827951163,129232.01302593305,100034.43757844846,122925.29261859934,182683.1269822193,116136.00856391144,81038.12120666818,67836.58793860755,174923.1149653015,26042.39937822139,68297.96752462637,49181.80449470952,140488.49164791463,111837.93394088947,7390.573861024165,15505950.829724194,127847.17813476798,123730.45432861689,86604.37156986631,212100.19446020757,121975.09587562719,132880.03560950345,145578.82653504942,111944.52560607487,27855.604243776328,119162.64833128086,406661.1586504797
9,72056.47754223984,99709.08349863386,8019.240685693417,271918.13232540863,16929.578245105193,80703.83369658643,18586.618784612907,47861.297438675596,75436.47761425526,157763.93773933456,28650.719497654623,112865.24312263181,164745.2230412569,95533.26267969643,250751.35144077273,143536.55520308146,243281.44422072795,251840.19807642218,72312.96925812139,53488.82695090351,21421.962171307452,38613.48181835239,114519.00292534489,17358.1680243736,129043.32669635258,100739.6660621286,123187.87363197202,182773.83055667437,115702.74399979925,82885.13782938896,68253.09509827243,176322.00832439974,26064.835749209054,68260.29287800191,49813.39731786585,140732.10770852258,111272.41364385764,7403.934128410646,15471670.25069123,127566.7201140339,123737.14132339218,87424.0723556231,212091.18402039455,121878.6905645415,132997.85501677825,145355.02869163352,111980.01621872801,28028.281342984814,120114.43691138968,406688.47800239373
10,71756.08145721728,99465.34201816974,8006.969152206644,272659.962866394,16937.11540176066,80730.55166271495,18784.24082111779,47990.67965638637,75537.69023651336,157527.3903352074,28506.993688514187,114294.20151222004,164696.26344036992,95697.81826110848,250750.14661864153,143159.7159494058,243281.51836019027,251828.9702697335,72325.2206164201,52706.58931523694,21638.233037583235,39172.85669125316,114470.74661346296,17405.38720601185,129360.63164006372,101211.4164542619,122746.65127577656,182632.89548525808,115309.41011304117,84159.88464040936,67898.7247480077,177613.44537869593,26198.419410398183,67906.63529863647,50089.49486696241,141052.4453555271,110963.38237583812,7480.563515361554,15516774.63535155,126812.50405987949,123736.46459561575,87860.2547207214,212050.95532241458,121765.74258502295,132951.36970261732,145362.03043117598,111960.85763905432,28134.595833190873,120800.82906685365,406687.5695891067
11,71986.8057613585,99534.82597239489,8023.368339316496,273532.16932462744,17315.321166338243,81358.40045019961,19053.93316715349,48033.24127027357,75375.03032388975,157574.2366513416,28282.78922820235,114613.12206337035,164372.67276687647,95701.0313266056,250759.00022984756,143062.45799250517,243281.66130450848,251828.9400930286,71519.48659532555,52987.136586742316,21718.332576675213,39238.71069348289,114328.88489482313,17479.904830130603,129286.03953723643,101588.89470969787,122517.87438123437,182146.73096883402,115076.91753824476,86066.46349302636,67653.02051045629,179325.62555934276,26091.159549744665,67685.1597211712,50270.22787656365,141406.83150165275,109746.77728725602,7466.910124907961,15554186.092669066,126753.44733350752,123762.84673114309,88614.27843831186,211955.87015095804,121545.87287976251,132814.30979591157,145203.85196657613,111921.02244734838,28214.731827680454,121624.85491299709,406687.81318354455
12,71682.45040596122,101790.30764121536,8132.446876912237,280024.63443343836,17421.271414368966,80756.49642055163,19098.1913740461,48664.510810522974,75404.74445700648,157335.28792901582,28473.77587309536,115843.05564387281,164096.5987325223,95982.95284117141,250752.29995378005,142800.93084578592,243274.50117677098,251825.26817271972,71377.18522526715,53318.33204115585,22057.34627798523,39729.26378077353,114049.5721829339,17739.18582320607,128831.9794039333,102752.19229095645,122419.37397770415,181459.40112032104,114539.11826344326,86417.61067262282,68926.54592872057,182094.6451619338,25965.88220653562,67452.070314766,50736.0318269635,141336.76637154308,110809.91727180086,7482.339173476697,15603912.667031214,126244.87871235849,123781.55073670362,89672.54914087449,211747.36827979385,121143.30678116305,132660.63408121624,144455.6325896923,111900.26332163648,28601.186978865695,123649.44582425791,406661.50941607775
13,71705.28913186221,101511.41543278137,8145.228999482394,278119.3422041626,17403.27973235004,80669.6885171124,19094.073528604513,48646.919083695,75406.54975735991,157157.8547565885,28468.28702960927,116902.77837494003,164192.82219975293,96004.3991932398,250750.4351726339,142747.8198614359,243274.27762187071,251826.29073176542,71394.19080974649,53299.50255410589,22003.833903878414,39980.161532209946,114052.89443962785,17729.62691256086,128756.81621335779,102855.95902757265,122656.7747941642,181691.7643887166,114469.07189623866,81610.65755918983,68924.10727957216,181680.90465877578,25953.368767125252,67439.99025382084,50905.82520816968,141346.07518409,110511.1632458371,7484.120483008719,15604036.921156164,126390.79147649545,123793.70953178887,89509.16233428498,211752.9168468398,121151.98854951233,132705.1052909353,144481.69929945204,111914.37490633821,28627.290636477406,123356.3467565019,406666.5644419452
14,71197.76042349018,100740.16249616486,8030.3019525681775,275744.9012778907,17443.947833813807,81113.45037692589,18961.66036689735,48103.38111759702,74854.45563903336,157484.3362517978,28281.31305962884,115912.22195388663,164638.1710181729,95981.02682493813,250749.9223259862,142671.9785051846,243260.9052639225,251824.56167382444,70802.85809406474,53084.39099638225,21988.44904823242,39809.35519302013,114228.7415977141,17554.09051246229,129082.74422944877,101365.40549605052,122649.70319655453,182747.23752539675,114715.64009139131,84007.93725666367,68360.02459552002,178700.69898587675,25868.767217769804,67290.50567429184,50590.37058224644,141525.05170632957,109785.82083934605,7462.931887645499,15521797.925833337,125827.59378535215,123786.18500826594,88376.30559121903,211855.8761769952,121488.11398123429,132850.04305466573,145221.19932495183,111929.02701429446,28281.915369421313,121776.76532835739,406666.44958319055
15,71488.48537370712,100753.04740291055,8017.956059869956,275858.3875169946,17672.288103403385,81790.75337939066,18979.115486632694,48312.12686358124,74974.33557914503,157525.61209766398,27954.567646385247,116440.77308618302,164578.4749237905,95814.42279947628,250749.88131040504,142885.41142730112,243273.00406909993,251824.0570356568,71641.69054979832,53092.163902557135,22003.620251503264,39619.70262949777,114239.68739894265,17624.58783014664,128980.1512100671,100872.20782109699,122634.80981983288,182864.21925986282,114567.28733908194,83286.9093262037,67805.32256855545,178549.79962553614,26035.239313744463,67928.05972617542,51245.55975807038,141474.77932807544,109126.03993666719,7518.597597313747,15595202.198677659,126271.80147672698,123772.8963710521,88447.90507097617,211861.1813420327,121462.80092982067,132805.78262138937,145065.20307483096,111900.3076282628,28297.949181918837,122856.92143211432,406644.9093280518
16,70961.15516914325,101749.45920826633,8017.0658335448625,278281.81676063145,17717.263692488126,81835.51764528007,18880.99835891166,48712.85154863332,74943.73669187828,157883.4885987614,27900.722105334087,117760.59727204104,165420.25414728688,96144.19100531674,250749.9572211147,142136.08919857812,243285.59495605654,251824.3419276743,72127.22818892202,52978.485180524935,22088.4367972238,39929.11220704626,114390.8753950508,17730.306641964915,128746.82548796613,101680.94761937337,123109.90713571027,185268.9547152873,114554.09774818196,79992.78873995433,67605.08201358392,179742.9104291505,26072.00295068996,67720.46957375057,51308.356657322416,140752.5893336765,108364.81775866136,7547.8068610150185,15496484.747538779,126043.14339213741,123781.00834259996,88526.82282208068,211957.94878558436,121735.55216967355,132965.03477113022,145778.00418578705,111889.22620441385,28398.931169067448,122255.29828935755,406645.6698176577
17,71867.74301690128,102584.27009393601,8087.418803123353,281104.1897880535,18096.92132693176,82672.03846340424,19030.66206555634,49062.16485605091,75856.35400660674,157575.82150261142,27966.495500477795,119167.666546198,165167.41061183662,95584.63728686716,250749.7806037262,143142.2990205024,243286.13806026865,251810.45098247554,71836.40970714921,53092.35655228459,22284.216272594393,40265.60974696153,114200.10223664205,17747.400241358657,130434.40202850383,102388.12018683324,122796.1208338347,185040.45438345626,114657.9293621034,81105.60122717988,67426.65530323148,182213.76292374852,26132.878440079512,68484.36089925059,51411.939043076774,141550.18961920822,108331.55054010451,7523.8614071694665,15638315.140903216,126488.76322223374,123773.3910948729,88007.95994852699,211804.5867401635,121414.07079086875,132889.7998754642,145122.0237274243,111902.99997976056,28389.41155870989,123616.98720127887,406645.44476853724
18,71737.31267253724,101670.4953258902,8000.755051136559,280692.2347486897,18210.4339983008,82535.11182688898,19014.19692532867,48895.51501173776,75422.87515978697,157600.90066627457,27989.941459358215,117796.98318812485,164910.20556505787,95418.23237073004,250749.70409028154,143278.59793056306,243298.69556551386,251806.93232592882,72098.72324645663,52978.55346162279,22041.803739255247,39749.75946884958,114223.67523498712,17664.52882663125,130943.1066255828,100418.97385988306,123063.78995775047,183713.2716036286,114735.01289995547,79988.82135598022,66873.33132710826,181356.61937480836,26096.736513162105,68423.63679176864,51242.628533387,141600.15908849888,108688.69850211203,7491.153057835046,15625670.347702872,126493.79589195107,123794.49069158311,87845.485942832,211830.065264042,121494.9355399431,132836.65332360088,145065.8266210596,111908.36503848905,28300.196967542888,122119.47871988078,406682.96723492653
19,71550.37336663992,102776.88042176078,8050.87247204965,279856.18424778763,18033.76410756214,82036.92724794339,18857.34146599238,49299.701966083216,75287.0158077101,157761.46335723804,28080.424106184328,118017.96827551826,165280.0365344797,95485.23916599544,250740.5637947639,143566.61049657935,243324.5929671691,251801.666555509,72101.20504028366,52983.46221466123,22174.384892518818,40043.04250987974,114397.94683993587,17733.489162799848,131620.82429343552,101987.10288059033,123148.718002408,184535.98011839457,114762.42636207744,80872.98583731135,67547.35139815582,181665.0235407399,26116.92287334683,68395.32636921499,51142.988251611096,142044.8441770357,109223.35522794527,7520.6865892422,15614868.528408116,126299.90654278148,123806.41652832976,88578.57884120637,211941.72859676636,121796.48035933283,132899.8518191746,145641.84415869613,111899.15476541068,28399.312227907594,122700.22619205475,406665.586037942
20,72482.83076945895,103319.85417151234,8100.5411373249,279807.0714636606,18318.287632005322,82126.18292766172,19120.847968430164,49818.8654139667,76260.07252643906,157999.93405985425,28073.296221063203,120022.05163001045,165451.8787291337,95215.08908785813,250747.11312895617,143884.28615443374,243336.7068317806,251801.22436283904,72115.3781953639,53313.29598412717,22282.069928185283,39974.8725807741,114619.21735711911,17818.635618677756,132389.10326792145,103206.43867920451,123185.64956861391,185115.44976048844,115055.30939877882,81136.81201632194,68565.511978015,182703.08312862096,25983.33908023759,68951.50290245694,51303.353350131794,142722.78921435706,109641.74867213701,7589.253817452553,15648844.198914161,126146.67923728026,123812.21719566055,88759.18994893506,212125.2763723995,122047.01723408738,132912.77879094606,145793.02674151876,111888.89859466904,28630.523791223586,125075.030849123,406666.48988484533
21,72752.65709694831,104055.6847097383,8080.246208950721,279445.5937017158,18058.593988228895,82139.26352175965,18873.1878262353,49932.814706684854,76152.1433527553,158387.16651310894,28074.485794511187,118536.18111450072,165765.98420519347,95271.81438345328,250757.94194871243,143682.66799464662,243374.80043666635,251813.28561761588,71361.24174662854,53411.31711695452,22124.038380650254,39376.82539811049,114850.72128669953,17868.768045080556,132584.25480649486,102710.2031313826,123483.53818100908,186040.53764052462,115156.21545800971,80204.94025238755,68935.28910061659,183694.00230268537,25976.40350203146,69214.43429153263,51414.7631263499,142301.40106906858,109137.8235124655,7599.089709099915,15580659.873040311,126185.72422996882,123846.22554148392,89148.97539162179,212325.58078442578,122447.15007318607,132979.72509390602,146749.4988231476,111883.70677307251,28851.603590871888,124976.7241262544,406688.0413065244
22,72549.00794848298,104261.27338877294,8095.372238084126,279399.26699873107,17909.219709866007,81980.94682699114,18995.78070029871,50109.50102785822,76456.43067901631,158175.86134475237,28096.687463508675,118243.473933612,165557.8673816433,95304.68143569505,250760.86061519454,143751.55574883352,243360.84418370054,251816.6763320379,71201.00262861628,54846.412282507576,22090.464857749932,39645.027002642324,114509.04441423286,17868.766715305923,132422.37353336124,103919.84963436288,123351.76490603804,185223.8203876826,114621.18978782183,77968.27128572468,69513.83013746746,183992.8268395867,25999.073536786047,69087.4604176605,51337.49217854691,142465.64856318838,109707.30643341789,7596.566270878785,15681602.52578295,126102.73389476468,123849.86083469361,89074.14462349632,212123.54937063417,121941.98686059758,132985.75833089586,145964.48767494407,111912.60432104136,28905.80818427375,124993.58062849613,406687.5208965092
23,72307.94776163364,104842.93387645048,8114.967858560465,279693.27763563435,18126.274452840295,81735.61075664006,19028.758484953316,50139.39368174932,76237.07065172186,158051.88546265662,27872.857031205116,118592.12857315947,165519.21960429556,95495.51925411241,250761.8207791511,143468.8299624104,243348.14962343688,251807.1948583683,71978.69913878663,55120.634259891915,22222.358410232926,39867.64363865299,114401.01790320544,17949.347941416203,131909.7715254946,103948.48027345804,123089.93510950553,184952.79063059235,114134.73171105434,76231.61102767536,69602.57202603396,185931.31800277473,25992.485183526005,68964.7521858697,51052.101736569966,142586.1562431581,109598.21900470823,7589.731333608284,15705609.550482985,125775.85516008943,123828.71448523176,89716.19731554254,212014.22403779576,121688.98768826135,132939.84611420103,145262.1687881471,111890.49060184676,28952.424520942877,126080.12854325394,406687.9606346774
24,72379.22267813345,106022.99320599461,8099.874566721905,283594.61362745444,18262.795057704294,81228.64786540529,19088.410903935106,50733.61604508499,76157.05631486444,158128.83203719746,27866.002876149178,119384.78967837374,165452.7040836567,95754.54646303151,250752.87880906902,143124.40119310154,243361.77256003584,251805.33352888704,71940.54996067156,54884.33475593119,22503.150393248045,40426.95134946995,114517.25684331347,18146.450647231974,132039.49591235848,103418.62142582532,123457.7252692955,184998.00825911493,114078.65552232637,75388.25312503435,70977.90119055702,186261.240021535,26083.17276041779,69016.32939214475,51625.587562252076,142612.37469479308,110249.55284535124,7587.304968563938,15685717.596777458,125519.38437831875,123844.67610166242,90724.63081539248,212060.65524484654,121906.92742499038,132871.04927281415,145758.00708216545,111865.48161864192,29317.03527717146,126683.1437096951,406687.980162092
25,71202.78418142976,106884.56425663347,8088.858393938295,282404.62102756766,18621.363451726043,81042.85101461328,19040.798049512454,50666.41664615538,75671.5009373386,158045.5442830078,27799.79439323114,120471.56560958744,165563.62640519286,96074.89952948064,250750.35441604964,142604.0828265425,243335.638573946,251801.57260593676,71610.61528645593,54562.10734433586,22567.26112226071,41065.06007632511,114523.48252760895,18140.083533502828,131315.37672550042,103513.194456216,123626.2787101848,185338.28086905426,114037.21559521013,77090.41163514889,71032.7902869716,186243.74842130623,26054.905970421893,68431.35474931278,52059.56047861468,142373.93653682095,109818.31649707556,7546.04098865885,15626080.929166073,125218.42751834817,123850.08331662271,90506.6254324146,212044.54837920747,121920.03980074577,132886.87589592027,145697.09199882275,111854.5570361386,29409.880434781626,126617.69279813625,406687.95431309694
26,71050.4727369959,105626.30568316558,7998.726648590205,275800.83423098375,18465.882887951153,81091.97774236622,18882.29213179049,49893.71905164161,75151.9770888077,158646.0499838118,27922.377559220557,117500.98604381601,166399.33465978556,96304.5119734489,250749.77839641256,142243.41548101717,243400.72880348892,251815.140177618,71589.59491565141,54132.7350055472,22177.121954976716,40608.40332192902,114712.46364102884,17928.698976352283,131472.11484338474,102465.17531310586,123997.62833640682,186964.15891420082,114131.22649592791,73902.504725566,70371.13171316884,185265.04007958647,26037.018031603377,67629.31031230846,51824.79596429738,142100.90954902113,109645.41861268315,7551.372589110121,15585096.244103044,125073.60518486374,123904.97466422568,89463.7387539032,212197.6791939763,122229.8635663943,133208.89411489732,146412.6412376388,111905.88213479336,29053.569421693974,125511.0362132048,406688.12221888086
27,70899.56292233072,105388.9957102223,7988.2143924283355,273378.834692627,18546.422676550592,81004.04801251653,18716.545816792743,49826.11734705422,75520.88048917461,159180.61168077355,27918.344544351046,115815.57940753532,166734.41626839145,96424.2490420635,250749.62895779946,141975.4017629847,243438.48763849775,251802.27461720118,71977.7339762413,54822.535833880516,21940.389730722047,40453.566338283046,114803.78265336588,17903.293803383825,131841.96694283275,102301.57929829262,124317.37845399218,187888.25706003662,114184.9027878355,71207.74404580469,70088.59183784407,185302.239502158,26081.195852869678,67548.77769453578,51273.80348134326,141523.62003281794,109558.70787763684,7569.569378925347,15538332.405436018,125331.7680942072,123920.39982783036,89602.62413749765,212252.04704140706,122350.16450830529,133286.75283896687,146872.49055712932,111914.14805126408,29094.41246838736,125373.43775436799,406704.15324882156
28,70641.75410616718,105992.11733663602,7950.680794420424,274663.7667171236,18067.127672530863,80572.51693430383,19108.180558783355,50119.16561620717,75223.96800507644,158967.93769816903,29410.56711973597,117024.17653406416,166203.55063279724,96785.82331687088,250749.5770721664,141458.08560724164,243424.73604212934,251805.516746634,72280.98709217152,55266.02757869573,22174.472480770357,40627.52386293197,114667.62636713406,17933.789315140246,131386.17298877065,101186.03427026443,124139.50413869429,186397.1438178866,113632.77336515402,71706.5970321461,70635.94537386707,186428.12669186547,25765.779016890414,67412.91858595451,50863.57094042602,141476.11480413264,109723.39048366653,7561.934663895331,15554911.205007762,124932.02191944412,123918.82576883769,89852.30963101581,212171.60072658473,122153.87297835959,133179.2730405255,146456.60124378456,111891.20233043762,29114.887417619473,125007.90955065427,406684.083365513
29,70997.33909825358,106544.76079636128,8009.114065572787,278019.0982834106,18229.12069208727,80709.87067275183,19330.37458461532,50570.48507623487,75667.23321248095,158822.22462486802,29666.883429728856,118563.07350199495,166078.73589128838,96634.93916354504,250749.56259484493,141835.3787345078,243411.9190235923,251800.26753830563,72200.07821816979,55632.93199902817,22234.297774372288,40506.71205027033,114595.57958517729,18051.455436534037,131526.18403871582,102545.33244146426,124019.93600468045,185865.55395118822,113466.16381251335,71009.8727517561,70707.36276582652,188744.5603485514,25824.203643233108,67412.42136986509,51372.571946515025,142316.82876707974,109917.07242361963,7559.52497726547,15643541.453709982,124696.99597943827,123925.9352104382,90599.684440189,212107.36222762128,122012.01802030423,133112.17445281683,146108.74858798276,111884.45965261872,29296.033170313247,127281.23579371309,406688.46725092805
30,70903.87820854795,107126.26239835237,7997.740027470423,279003.7697847453,18206.550704093548,80468.12538753483,19302.128612558583,50718.76253660596,75459.36895034558,158780.98489611153,29544.61490002683,119330.76171427696,166185.8741438088,96875.86248394848,250758.7180114046,141319.72623578014,243386.36178129914,251801.3081816997,71775.7395832714,56083.88369749998,22420.0891607022,40734.09177436767,114420.22176749681,18152.966482590306,131087.12437893183,103671.47013174054,123954.49267189635,186209.73894231697,112935.60235122462,72803.79680015762,71208.88881489498,189277.77275809224,25598.940089659598,67965.35085721177,51028.98177028077,142142.36446687413,109677.491306554,7484.939078408321,15635791.221209168,124260.74000176851,123904.02467573377,91069.81906415147,211963.71460323085,121756.33043306878,133098.47034060108,145760.82707492253,111869.84270826796,29496.940873660747,127498.90354452691,406687.8618795766
31,71019.06332019414,107188.88076660971,7987.746491638375,277097.3180676693,18131.161812307946,80137.42478669083,19150.20969289792,50623.84550773688,75222.39331312088,159094.33727244308,29028.02863961179,119810.47412658915,166559.1820286457,96929.64908600468,250752.11602590352,141492.36281605982,243412.61089357617,251812.4267192016,71979.86869644174,55762.78829023865,22383.886451270995,40730.89019742583,114668.33993636082,18122.015905661956,131531.4003458886,104008.21554859073,124263.85291220639,187409.2960668726,113329.63657806585,72347.58463761584,71571.87964314152,188826.5430648014,25811.383843933814,68365.34221461165,51100.678025555135,141973.42707577997,110540.51417267574,7462.74765360404,15599047.203392223,124609.00520820523,123920.39718783853,90690.77718618474,212109.33532966208,122210.99275910456,133132.86616760632,146657.0813420154,111864.5236368661,29472.392691601897,127058.26747157413,406688.05363429786
32,71413.17673638531,108046.6901406207,8085.110817715293,282393.360188695,18182.392824203744,80602.90846521292,19168.77353035835,51612.87201341138,75569.99262258426,159100.08862766504,29006.552816134372,121354.52861469197,166546.70052628548,96798.72668074399,250750.26887303835,141425.73462763857,243412.07802821338,251816.37255132562,71347.085750736,55755.93114382518,22468.782456848905,40723.077570854424,114566.60028510392,18397.76850951318,132428.6039048833,105669.501104085,124130.83974756581,187414.05120866958,113467.43776643607,74119.44453625115,71915.5096701424,191864.63719777076,25838.895903606906,68687.10681625704,50978.783083801114,141878.81365409135,109513.64634672055,7514.637379154715,15589539.621895155,124645.64164908597,123911.59588777753,91931.34823172659,212045.4752114336,122079.48885773864,133171.72155953827,146653.75051042537,111864.55283723178,29884.55836145421,129700.14424648005,406684.14874795976
33,71424.6926507255,108040.98475015433,8096.784405247853,282294.0776020987,18172.76467656769,80678.90548808555,19170.79758325116,51674.10157607215,75529.5917479772,159013.77373470954,29008.906662731617,122344.28250843087,166467.3967587247,96753.82527824458,250749.64852307885,141507.99097174426,243411.92697222927,251820.66277331093,71245.23132173809,55760.611328950035,22676.622524576513,41154.759688150436,114565.4723533408,18422.748620767987,132577.2648449427,105814.92223192783,124109.1908988789,186526.10732313985,113472.54319468018,72880.28544705859,71690.83321323553,191313.90076552643,25839.857540006666,68705.37860545046,51553.53483644029,141852.80794217534,109746.20634117846,7514.110851407274,15589470.131959734,124749.72581197784,123912.48842801443,91969.96230722063,212045.41449891453,122079.26071015767,133169.84438566756,146652.44807686648,111887.71453616738,29972.519230239726,129344.82290701898,406688.09727626777
34,71670.2757173235,107792.9125334217,8107.283594434753,282648.9050472269,18031.328810118917,81606.28130742254,18938.34745681931,51678.81296782812,75733.60067650172,159108.37401194384,29387.772382900905,121898.47260922268,166558.88870474396,96455.41081562874,250758.51435723793,141934.4662483858,243476.04941388353,251821.84077755632,71771.16064194759,55410.80664991517,22650.091034990117,40716.13343190006,114698.07739829017,18422.932278415792,134232.3878801223,106004.29842549992,124034.9099131036,186679.9658356108,113291.71379657,72838.40171768321,71315.62899077895,191747.39883449956,25990.563223626108,68884.99673905958,51303.87817961908,141854.7899180014,108501.41022321381,7575.948346924279,15674229.357559398,125074.90299072055,123905.33572839276,91911.96990812862,212131.5488047466,122284.19210448903,133175.905968599,147006.8487882818,111889.8443799177,29905.424162105213,129416.03135223196,406682.8291580338
35,71655.327993711,107945.90774147573,8135.041053887621,284950.76105340227,18203.675922612823,81618.20469309729,18965.548837729828,51919.025525060286,75954.40237738672,158932.59378238072,29069.37435850486,121880.3556581755,166609.3944546669,96374.43509437158,250761.07581904824,141998.3065581181,243501.6759490648,251823.42578582087,71898.72895386467,55800.092399412766,22812.276099315168,40871.8469633825,114686.30347538971,18517.32949086173,134307.80993554668,106638.55553815348,123998.71848031842,187028.44850287968,113030.3225084576,73806.54588648556,71786.71005455029,192819.1119263806,25915.336289178227,68642.0348721845,51830.00345642902,141893.63591308115,108780.65171158554,7603.690018338793,15719196.640630603,125151.61124977686,123899.2136891396,92357.27569886838,212102.25356361797,122239.00319124981,133195.91132918667,146749.14659502666,111881.17912668728,30028.443580949144,129921.37520445684,406688.0083259455
36,70965.74016027068,108222.63347800593,8173.624251333619,285067.00090030493,18565.959282422322,81582.66020462423,19246.234323248904,51865.487309737684,75594.1297733134,158966.11586950414,29441.416118346475,121405.36936081787,166283.2752416699,96451.83914945256,250761.88580658138,141945.8460950829,243475.5783454291,251823.74772511423,71606.1535334142,55994.694909075355,22755.183972720144,40389.27270048185,114481.04020252652,18447.374449602168,132984.38576966428,106889.47279868863,123766.7481734547,186424.98969432342,113116.33773907971,72999.44584886865,71360.00817668856,191767.79523913818,25837.811912837726,68169.71249688671,51558.03121096412,141867.03322154155,108715.54418375665,7609.419840778085,15684092.35661957,125081.65536216556,123892.90083306903,92667.21956953875,211991.2102965787,121902.08932010853,133037.75599631236,145760.35413090204,111857.5778660658,30040.225870377086,129168.23050460579,406661.6412439216
37,71303.13758526488,108275.26043354777,8204.967889512067,286198.1186133777,18512.109649605267,81667.18104495612,19213.537737542632,52097.339938006204,76121.49121755747,159324.90653807367,29835.483642676958,121976.6882230546,166735.88927628574,96450.69377977494,250762.02989507007,141843.70333527838,243488.942434072,251809.86731875988,72491.70850488776,56097.68059838561,22798.65921357934,40446.47516818647,114662.37970570129,18512.00392338177,133203.5666009513,107302.63816134761,124176.30792383832,187597.5562112838,113142.7296628792,72814.37306098908,71571.09125418408,193482.68244767594,25997.639812972404,68470.24218997045,51579.9512001313,141739.4454832376,108561.22499324648,7638.742426602078,15685814.895675441,125114.69874447343,123907.54244197434,92907.2117074006,212111.8840937001,122166.13203895514,133145.0102368049,146542.17383850247,111873.77116763592,30079.070660980902,130049.76856556704,406662.6139508973
38,71724.47233130269,108407.15244060042,8146.1756563376175,286470.9183224092,18397.765424657864,81920.0522330476,19010.14320711977,52126.03580556536,75818.03405772599,159168.43543889734,30225.06491992836,122010.733187654,166548.7597939013,96343.49705576058,250771.37186059752,142160.24396582518,243475.44079984812,251804.7593820964,72644.52257244864,55967.34671421863,22848.136744535015,40718.35948954642,114595.36608674015,18497.092160580927,133071.16041663222,105097.61563690311,127154.705425163,186888.9251643108,112775.80095403134,73023.41798751177,71568.42132386022,193188.80149781995,26039.919564635173,68879.29528047892,51666.717681207025,142008.69311026187,108480.41205090069,7611.284098684532,15772712.373178301,125155.22345414168,123898.99110719886,93129.5249959577,212303.3987494958,122052.52802228568,133087.6271997881,146187.19328510348,111870.62288091329,30075.830386555273,130527.4224783513,406677.6293211811
39,71894.46074061962,108614.80198639567,8121.699902742019,288106.64589928655,18216.66233630407,82793.06092424793,18857.210521488658,52278.13291794622,75945.6327081701,159091.5938564971,30612.20169119304,121927.89017683895,166474.06291035019,96044.4470963706,250774.2364258099,142474.77850703918,243514.03024678846,251804.29897335675,73270.9269521669,56450.3866320974,23047.70440945932,40978.429601409654,114895.91522333263,18591.78942196057,133178.34551378977,105302.20787587816,126933.4991601236,186508.89668969446,113186.49401311202,75595.66057520648,71343.01839919714,191232.77765854477,26005.769593142628,69006.87783919355,51492.9880837842,142273.94923610566,107327.61161881713,7595.209595722618,15743154.313959235,125199.94917340875,123885.8357249775,93749.7638378904,212413.92776823224,122654.31214894584,133071.3603577336,146191.37092247242,111856.5921667005,30148.570172072676,130170.02935110051,406666.7615387105
40,71433.08948560178,108139.47361090811,8154.8040532131145,287156.3277596412,18050.180541754686,83200.55395247851,18765.76094688332,52178.99891182665,76051.37051441005,158927.3645245011,30562.848280385617,121099.51747880792,166056.59803757304,96007.1533044464,250774.88307247398,142412.52231394465,243500.76701959068,251801.97905609125,73482.90051276392,56280.20272075149,22902.550129944066,40955.801442570475,114729.12404812858,18552.874637281482,132466.04214297142,106378.45972362382,126129.19523669868,185380.02103594955,112800.91252536706,75665.79781970514,70816.07679308327,192107.24205575263,25999.20967003768,68520.43603835032,51615.213561516226,142283.5837623093,106859.66407523678,7582.4917747406525,15773712.739382908,125077.40921138355,123873.33355852762,93403.94735770929,212324.29164585163,122287.06303885371,132876.47228889688,144922.79010413936,111837.07431281393,30169.46114792627,130026.10772501542,406672.90940041427
41,70977.35797692004,108293.08047929351,8123.189957657468,288010.0464356194,18184.75653327546,82988.92661314765,18585.212633627212,52352.569506060136,75966.98436400342,158990.78886243372,30455.737561316382,122161.61247934298,165580.50191512788,96098.27000787112,250775.18842521944,142329.71859432757,243487.93741116166,251800.33716170018,73082.38533781715,55829.61287049656,22978.04684601478,40569.94077468059,114545.49603380167,18581.345842609873,131709.91354767059,106405.99775333737,125885.25729941085,184081.64323044868,112335.8239123809,75401.7830181983,70741.77329264722,191004.123068048,25881.23380975813,68143.01790311099,51933.751727081406,141969.9868922308,107257.31172030375,7574.983145012782,15833306.533638744,125334.74832635418,123881.70330017341,92890.42960621208,212180.07102606836,121949.58067545421,132763.20011369375,144524.97485691425,111826.3987742992,30149.36646391285,129615.35882995292,406672.10233658267
42,70777.08103879353,107844.87878061009,8101.222074856338,290391.46976545133,18149.37876621114,82678.2058308387,18749.899405759756,52802.41843654259,75154.89786511991,158529.11231305086,30401.23914466427,123265.02121841906,165445.7028897954,96342.73051019094,250775.38273847447,142198.72211042081,243462.5150024902,251800.42924674845,72533.81483550557,56232.161428495674,23118.341130309254,41568.10905124493,114292.15652333848,18727.625463905464,129651.74746230796,105228.32704164262,125861.01130254976,183411.92836775535,111811.59796050568,75398.05347199313,70844.21877899676,192738.24810555443,25872.462639309735,68020.4903537879,52413.88937187497,141912.91533478745,107632.54420878469,7569.335606343778,15891961.351724457,125250.24194758425,123880.72072410358,93571.74057131047,211970.08290225448,121583.83948166591,132671.29171732315,143597.9176104757,111784.26323110404,30325.895723991285,130226.810948067,406677.7789026182
43,70907.34078490024,107741.09791388673,8071.674006006344,288838.84558057797,18038.036064920234,82454.19988690852,18825.26686996059,52754.84511319383,75193.00869554823,158527.0650379835,30225.489546318604,122990.36169556098,166050.52769210268,96520.07409902228,250775.45203146606,141955.5321126329,243450.4662408185,251799.5531760636,72457.40231935601,56191.869477458655,23274.826550750986,41574.13520456642,114451.79325846164,18671.842863298625,128874.2203829435,105513.41310478994,126057.93571172126,184386.98630269992,111995.10949994609,75189.65280176722,71152.52201417806,191126.802403715,25852.909694225124,68264.03248608613,52893.27453582808,141626.447404948,107508.54663423898,7583.786168320345,15827508.060227748,125284.17483851027,123887.97197488623,93276.97010112354,212044.77039198516,121899.38531121814,132792.26495400252,144347.10012225082,111798.58977601415,30354.14223392458,128867.39475869198,406680.85818578536
44,70863.55301464918,108300.45821579703,8093.743909350647,290211.8381613262,18016.96417000461,82414.37947631851,18868.717793508367,52914.139451432646,74944.63613344959,156631.27895868232,30226.993597840486,123504.16970945595,163443.03622483867,96747.05910173083,250775.4491370208,141537.27455360073,243438.32963903004,251784.15009129758,72175.02395348376,56195.81915859502,23202.394947754638,41270.70968774513,114470.94108509285,18766.808308742242,128931.5213331157,105913.76553967946,125984.30474222662,183149.05125518166,111836.0265225541,74361.66648094561,71689.2147784742,190665.95630530003,25917.17508816208,68070.44986357234,52763.38183382879,141851.14058392885,107280.77938922173,7593.4443702105855,15805053.40875502,124694.7183067689,123880.15476430232,93633.74671310009,212009.51169816745,121933.94089809722,132222.29810844234,144503.7315556586,111759.0761587954,30539.18720718145,129057.85324345333,406678.98284237925
45,70301.44821415636,107588.24972091104,8078.901739777545,289220.3382608197,17843.500175808498,82420.17735035725,18690.969774088924,52747.65158060437,74395.15904608605,157014.17148435456,30319.54037973101,123707.430981628,163573.63987136114,96809.6459903867,250775.35547311493,141428.84627481445,243451.06794545718,251781.91256208898,71810.28835992492,55730.24693187321,23147.1834165053,41215.79532345454,114610.10404180503,18707.84434166082,128872.06336821965,105373.57366531258,126628.96134045739,183690.11781843248,111927.35848164851,73385.25249205755,71798.80002984797,187632.2346686866,25791.330556214678,67725.53577291808,53084.03038372587,142000.23402758,107322.69129371764,7568.8660220272395,15796524.019359503,124561.58597257972,123895.00072275595,93545.0339728554,212140.45693015316,122200.50852867465,132283.2428957499,144949.6815564596,111795.1617523663,30506.53802258455,128251.28600773525,406678.73528669245
46,70114.50030103023,107252.40590930312,8059.114160653097,287346.60364184476,17798.200815983015,81769.16116864081,18346.9052307326,52514.01377081376,74289.68384056176,157431.0458173352,30147.796800486696,122247.86514323941,164292.66221712902,97459.81912537792,250775.31634483844,140241.0552809577,243463.6094005442,251780.72261358247,72822.94606978243,54590.44682234491,22987.759745628875,40833.39193697559,114861.97114691683,18641.36773385061,128708.22346092781,105402.32569971235,127440.38707677022,185341.13188434183,112046.99151109722,72097.98570291697,71422.93137033869,186205.11924788324,25518.411331052088,67527.00775825059,52942.686370684016,141566.05958349182,106871.79419910806,7537.953287219598,15604103.517134594,123695.55349516413,123907.32471469985,93068.94388084671,212325.11893027957,122629.00100556728,132553.47736394592,145745.34822445054,111850.26849308923,30480.518813193758,127125.54146031658,406690.3588575266
47,70417.90208781826,106044.83271499563,8021.687526569535,287061.13211153506,17791.97227378766,81376.22516516715,18335.213260724246,52499.451125834785,74563.55303995809,157594.68499794832,29918.45115487709,121407.81963119656,164719.19418213723,97446.46119349379,250775.31793450526,140292.86748994942,243476.56183823766,251778.19053627743,73714.13691160503,54127.97444891511,22749.64339850171,40684.10480540326,114919.33726125928,18570.342741535005,129960.33667879048,105221.66598543257,127180.6089419694,186478.28563349484,112507.2584202455,71008.77583535078,71104.53241477063,186087.36336023244,25614.392854467358,68050.48392792331,52118.390185364726,141565.64098326102,108053.5741917342,7535.101441223327,15600003.820224334,123895.30401242927,123912.99937949362,92889.42346017016,212350.13841918475,122722.63678928828,132543.3518181094,145952.03476601926,111841.96820381364,30417.014366566233,127487.95536577226,406694.8332339168
48,70655.00054557591,107248.52004447096,8016.415489937991,289122.2049949848,17784.400898553624,82139.23250214882,18162.937509916326,52769.50119464116,74622.31135530796,157715.87750775725,29882.524644313624,122856.59190588762,164343.62417018667,97242.45924500584,250775.32182210108,140454.05286129977,243450.59035423765,251774.67801654717,73005.38323738202,54183.8991913884,22747.22839451415,41051.2915096516,114872.86524357421,18705.266674722498,129483.61628270366,105614.67515609643,127404.69952689025,185608.7071229281,112444.74969674145,71776.47328643335,71267.3596205986,189324.1924776374,25737.070317514757,68325.49726214356,51931.12416366832,141948.21976928352,106753.29806577586,7572.31999970142,15616614.9191271,123745.90510388298,123905.27738869513,93726.18571286419,212315.8669590065,122657.4282861511,132516.705984052,145725.46033624082,111836.38428117381,30510.507635739727,128334.06565069739,406694.8854957231
49,70833.2182647041,107083.78334668106,8058.746727302268,287864.2536188497,18039.60308184804,81716.01076634938,18356.449147943196,52620.22584567316,74926.0457117691,157640.9927245063,29840.63500577489,123309.42541056954,164795.63733699775,96986.35947412899,250775.33355385665,141129.6507939215,243502.396154314,251774.45084865723,72238.82517312877,55020.215170167365,22917.27066025911,41025.28192755026,115051.39120860482,18627.06611307336,130221.97795755432,106324.23188311142,127369.65114052666,186350.8137687794,112424.80905979734,71312.3726044575,70736.09426438395,188970.11191522327,25851.855714094218,68670.82360693827,51578.73170892264,142135.2134078407,107908.67466674458,7622.545656282914,15695204.326223556,124074.67474567311,123907.27029487987,93189.32227551517,212465.67262844028,122958.29503825723,132584.42132352857,146529.70871416706,111862.81529905299,30444.30710287393,127818.0308938543,406696.7874831947
50,70945.55153005237,107636.95897865319,8125.393283482226,289480.92188792885,17942.931405262672,82916.30481502134,18355.72571481032,52865.97416766056,75249.9108513867,157490.09054858144,29824.82133158072,124308.15315563043,164395.63110151814,96565.5362184139,250775.43193099773,141620.02817990002,243501.1777134663,251773.76987334553,72048.7820887825,55893.14463938107,22518.178338864935,39805.84408893864,114991.60656937587,18373.862272283015,131127.35607663402,107640.43669254267,127067.11195932039,185540.3258287032,112509.27191887499,70685.95011295835,70670.65268339873,190370.27419569148,25882.61670881724,68602.80340619541,50329.04224445135,142086.57333101824,106879.58718921461,7551.001953207559,15715373.998045482,124560.49067418011,123906.96692953924,91875.93129089645,212434.22831589787,122863.02374383809,132531.7108403608,146138.89448878448,111860.85944809475,30074.848575078853,128922.28875715556,406683.4062813177
51,70742.38241173932,108615.12105233794,8133.4804829749955,289918.37081898394,17696.424457164176,83041.49389540085,18554.258197553714,53244.21334338897,75196.19057559513,157468.18119980124,29873.643127495376,125382.77070935257,164388.17665101192,96289.91378637592,250758.47730719644,142263.21971161847,243475.57063473898,251773.97260722987,72237.42620392932,56497.918705916076,22834.286221327733,40399.839684019236,114936.05900581882,18509.791003552706,129841.1276812099,107803.00032859194,126766.98737751889,185350.01135180454,112739.93584763109,70480.11691934937,70961.80775844805,189263.3712806961,25536.986419866505,68386.2741148716,51065.661137941344,141786.33362253607,106615.59534397913,7534.236604107965,15777305.561896829,125401.01858471367,123899.56730800448,92911.20102578934,212393.8983113649,122752.19934543768,132473.01141990884,145602.62333712535,111851.53595063197,30245.338377628454,128610.65551652128,406685.78043182514
52,70919.21185939999,110194.996640058,8150.6009207061525,292250.7796824287,17647.37755719196,83407.8634558616,18687.826142445825,53923.05560607226,75057.8852537831,157560.64833282807,29868.16483356096,125914.32265715513,164280.70932947923,96085.05163377455,250743.32241599789,142575.87446818937,243488.90614657005,251773.69158511274,73960.72749814166,57144.93318905018,22977.867839560746,40736.10337569155,115074.45666402916,18692.214563853977,130209.78415685004,107744.92882336909,126939.55394408981,185312.10839225672,112934.37890375184,68643.53336694204,71461.31866235814,190122.77392875683,25634.986114865776,68593.06784844019,50638.68887644213,141719.9342069753,106810.85454171583,7612.956301623264,15776622.576187747,125768.17352959418,123900.92200724976,93178.79450216223,212495.17950176136,122988.2547886126,132466.2131688685,146280.9396311692,111845.65577212778,30611.234062650325,129565.24660107383,406694.50801232096
53,71144.79445150513,110236.27336996737,8194.546905377521,291918.14528092055,17666.594365485722,83240.95168607576,18557.982256190244,53991.51421013757,75125.01605359565,157705.4606917912,29821.97822575661,126215.50677130299,164294.4435283836,95962.47300513592,250748.07562343412,142807.7572743577,243463.18229969768,251773.77085786598,74086.68974858658,57907.90376361074,22975.891566584967,40872.51200004635,115026.39092043633,18732.566945143153,130350.33487043332,108350.17178581812,127217.83901424783,185465.36348608037,113033.53353875922,69377.18163255588,72085.82264108784,191758.1372500666,25864.46366807094,68677.29384822138,50718.703688130394,141735.08470894414,107201.07121185763,7679.222214347182,15786483.496445457,125960.21335420343,123900.57762328695,93314.46290013404,212442.37003530914,122915.35606574673,132432.9440382018,146218.90765300023,111818.10171884496,30710.505200383566,129884.77882882734,406695.5663786384
54,71012.28252567274,110041.02123879784,8203.491528043185,293685.17867580947,17517.246558122733,83315.47866287813,18575.57115992663,53973.28027959525,75293.88816382886,157397.91533637786,30062.199402618826,126803.03810976651,164017.27394486265,95853.48055810144,250758.20105888232,142988.6850252048,243476.2707006047,251773.63690990486,75133.6385771879,57343.71150262892,22994.762224226168,41237.37482295257,114950.40057649724,18769.466649801747,130703.62837786075,108558.28121968986,127175.57940347416,184813.55500695022,113041.92685194855,68710.96818600119,72106.69822358608,189861.05190067296,25910.268459257924,68690.78517721155,51203.454605046834,141669.6785514398,107248.6257480107,7672.306511183697,15810465.016718451,126140.65596202968,123908.48627733023,93193.83799869903,212363.6026159365,122794.20267742875,132358.51239791614,145846.11281885716,111802.41148506878,30693.871457722584,129517.174539889,406694.74468804884
55,71294.20526296702,109223.4861848222,8264.212412444973,290854.31227814016,17569.08529347017,82963.48301703997,18584.02259627804,53867.34762456093,75408.578087679,157634.43100846632,30234.935491401066,125922.82875163978,164500.664524739,95469.6858802219,250752.62463347055,143675.17062547617,243501.65612287348,251773.68873699574,75987.80376318663,57342.639394700615,22849.272741088098,40920.42338141267,115400.13728414594,18659.656654413073,131406.53637431824,109482.66735501232,127655.32456717984,186040.56270996365,113753.53516954466,68809.46894217446,72323.38284437175,188256.9218066026,26183.71910597833,68986.81164976733,51259.304694821505,141513.92064117835,108250.52019250032,7750.791544639816,15830254.964047413,126949.80909957943,123922.01184810173,92583.0344775081,212680.58988855474,123486.69592071757,132473.58408419823,147141.562159434,111827.56033337397,30508.679885032114,128474.85707713745,406675.3852129115
56,71216.85835177061,109972.08793715952,8256.927270145012,290220.8074031082,17433.967517550613,82285.18065036695,18843.861411376212,53921.899262622996,74905.70541554736,158080.06810247604,30749.061308993805,125847.92527671531,164597.54254467512,95756.8122584848,250750.79630057522,143345.64767068528,243514.20125160035,251773.63241918784,76941.77264327182,57345.06393720636,22900.510008395,40894.408550991175,115367.3754883928,18715.7953801916,131607.75325467484,109657.66613874144,128631.56253568729,187143.1419619766,113611.9555280796,66948.40017934123,72749.93618739744,192063.4811613988,26152.369375077225,68899.26024674503,51229.48996488606,140997.77818685767,108822.71530624041,7739.722830714578,15732400.553058565,127088.41773955041,123972.30979006861,92954.46720933897,212634.40501744158,123412.59452977017,132544.50509657708,147205.62952772106,111861.62743593517,30639.72567570457,130192.37482864888,406684.116634245
57,70931.69400016729,108163.14507005188,8179.462164386253,284398.9261764622,17139.388658727537,82796.70920528691,18919.436526666846,52549.00594958783,74615.10965387171,158696.5856651366,30662.487445010458,123764.6538078432,165600.47141227953,96094.28169969721,250750.2337737055,142389.7794189137,243578.1075884157,251773.6770792039,77019.19834958683,57475.01984563764,22593.721895160288,40073.4664856577,115847.6473494868,18387.311119144113,131998.85032130018,108418.1799291875,129248.34557216888,190959.1493658531,114401.97120290391,65829.31441243747,71362.46918176308,185518.4074287803,25825.172036483433,68898.86269678325,50716.5715148078,140321.36389523942,107291.94780938671,7642.710661741876,15550266.913240718,126799.67683015717,123969.74520021309,91366.85840684162,213028.07418066976,124190.62577871246,132764.61442849913,148955.81593197933,111879.2726720019,30145.819916669032,127613.14321889846,406683.34186832997
58,71162.63793048942,107816.13378866964,8192.843727589077,284283.8849819668,17320.8178568788,82809.12750333996,18986.010836508718,52528.16365125877,74700.92223922828,158347.99846941454,31053.11988534471,123162.64338315555,165709.9083063689,96090.70532134423,250741.25506094558,142222.8195166449,243654.8909037127,251773.65521150295,75415.09986125358,57446.45364835166,22498.61695094204,39570.27892754363,116089.64729669041,18347.07827682691,132884.44989818867,108543.78383112182,129522.63254718848,191653.88930031148,114416.06880860958,66989.40267927344,71051.33070801599,186628.81122609248,25913.774627865852,69193.46535869545,50105.4242621262,140228.07613787655,107588.53230434384,7724.62863636344,15562810.375111884,126897.39254390057,123970.40455831857,91127.22367019582,213290.12116423703,124438.65048610124,132829.70167580518,149158.97976606895,111894.5623229847,30062.334091623372,127910.32764710285,406676.31467988004
59,71464.90934072097,108756.63063041324,8203.872796501691,285972.1797795867,17162.968266796757,82862.19439912461,18821.282552515415,52954.36009183724,74834.82109124456,157928.754501619,31130.024277803903,124071.35841070944,165777.3541501839,96249.22313710646,250738.58849286314,141894.1454871986,243652.77559877673,251773.7173834822,74912.4942034667,57322.96827945765,22634.480587200862,39670.7785693248,116043.1865526726,18502.167416822704,132388.72996473164,108970.06897435067,129337.28817293231,191859.2211984493,113876.36442557319,66285.62539173824,71243.49922719965,188301.33121660707,25847.503801773688,69237.24220321231,49876.613934282206,139968.8594331655,106983.88817286426,7681.5156024342195,15581625.439349912,126770.0658601574,123932.15775937815,92168.86179589416,213221.58385359502,124414.89991529874,132806.74673802513,149089.17478998308,111891.0519822779,30390.472720152487,128386.6795956712,406686.87837140757
60,70999.80493135891,108990.19671589123,8146.368161659928,286663.5056919834,17310.672898167628,83086.15814045822,18691.450478115905,53179.168331343506,74717.8397664539,158275.809314866,31352.613836107124,123721.16106524618,166433.89907897913,96402.38875837509,250763.95308459905,141641.74085167146,243704.9116019304,251788.40601019684,74760.81196969496,58000.05058849807,22660.81600267875,39828.2127769796,116193.4049112578,18572.74323241897,131665.48717645943,108702.39750400354,129416.15264553645,192809.67476557518,113836.70815108203,65424.901410970015,71234.99258301652,187969.45452857326,25579.785181183615,68194.80887479303,49908.32779425983,139946.51384897964,106487.17196620622,7620.608112776244,15546013.276769826,126613.2933457154,123962.0637236692,92606.31375354026,213427.12472130655,124657.9867923198,133130.33639454946,149944.689192041,111959.09680668513,30569.691541171946,128290.72574183742,406852.0717037883
61,70873.15466871658,108740.66999375177,8119.423933526382,286998.6317115862,17153.752678900764,82056.16198986645,18732.20187629499,53127.49483108233,74514.89646686574,157982.05651742185,31313.220614542355,122935.82305307084,166324.3947679515,96730.99573238562,250772.40190849325,141248.8169968703,243677.5941316478,251791.67563584933,74834.17815296211,57978.44863935235,22590.690122522345,39546.96816172168,116070.40896973493,18551.820760940573,129727.45564554664,108105.5090205846,129365.05531700369,192383.4413996175,113721.1905094746,65678.32164195046,71796.57974471831,189699.32583914266,25498.789927323116,68000.8102871907,50008.62449562049,139583.92072835533,107599.32186963425,7612.9057657716685,15518456.720026724,126449.25852010371,123956.63355652214,92658.40104998373,213317.2908716819,124544.75269257718,133116.43955513687,150098.23195461,111960.64464327582,30587.912840989673,128704.70407311068,406831.08623465645
62,71073.98788545444,109630.60698100287,8114.796338727462,288605.27193129825,16987.563651341097,81759.88282532418,17796.384141026378,53507.74802515196,75039.89423127164,157746.68354731772,31203.845181483,123550.71560184984,166441.67541015428,96849.98109786688,250774.5409733561,141153.25642595944,243652.38813784308,251796.89726101508,74341.72944576645,56292.11667612261,22767.574750769847,39649.33950249353,115912.7811058178,18635.57993196602,129756.36688203223,108299.29403273296,129441.85909607589,191848.46872119734,113498.91957444209,63599.633667488415,72128.13726407682,190273.0473556536,25445.682301302008,68217.9597684395,50116.27184884244,139485.36052704917,107936.92215750305,7534.59479667163,15535146.887082396,126471.30200158799,123964.91402223994,93213.0764060659,213157.25842652103,124341.33423590311,133170.91803111578,149876.7513090279,111974.65062788544,30608.171536453905,129799.66103049113,406798.63971867465
63,71240.71870061943,110914.97368511764,8164.941296892536,292700.8653882884,17161.627084471766,82239.93573940452,18235.34867177507,54162.028709514365,75255.5030675488,157224.6622213357,31390.061584303672,125731.89497342348,165780.7216794105,96853.9587452146,250774.96027955605,141007.3685029669,243588.398187473,251797.0254760974,74435.44248111181,55771.81239882488,23020.066611157534,40406.9734900936,115526.91909746475,18873.630338945335,129282.4283926255,109779.42926727471,128980.44749285585,189778.06714430742,112953.24301914366,59538.626764116525,72462.31551387941,192860.38854895197,25715.546580478735,68196.82030805411,50470.88159705889,139829.215799037,107093.34716664563,7584.392613774389,15611222.150078004,126117.86008854675,123955.95418520516,94020.48046220491,212872.11261249162,123650.31695683367,133027.91353336547,148178.32361197926,111971.22459875293,30917.724245191068,131468.37098106075,406757.20272668154
64,70825.92170032128,111137.94159495745,8174.137319683451,295167.78430917324,17410.946042985914,82368.33812336109,18143.147459203414,54365.091280276305,75115.58780291611,157265.60159026692,31735.413126386313,126041.24388928158,166027.34174098476,96878.6206303912,250765.8773948086,140928.94750437365,243604.33967545192,251814.4177720073,73862.2680272887,55632.27187986711,23216.57571781342,40820.625913372955,115675.15243635351,18976.113061728083,129631.83425147395,110359.46232142192,129374.75487387038,190402.70533918604,112926.59631876842,58389.24496996421,73164.15194443596,191643.95332138252,25705.75113608485,67669.34162029564,51216.72835947158,139645.77704742487,107064.62727482233,7572.791349530242,15595228.243316948,126061.48386828977,123986.91847133482,93927.82406218264,213017.41219292424,123888.1591589005,133067.97144021344,148559.71996871164,111983.49333437798,31067.633515860507,130745.95174379673,406781.1912697651
65,71219.35629784752,112230.51371322449,8217.478375434563,299005.7035839285,17255.845522449956,82535.24844930235,18198.85652391131,54629.782182031624,75061.04897550949,156827.52481346336,31675.850455445587,127456.70481215704,165371.90015628107,96738.1772663102,250772.69931478836,141221.4369294203,243579.2195133648,251799.98722794128,73623.55896407255,54340.34525275877,23529.586197637833,41463.036277338986,115488.97361733312,19102.16017924287,129543.98915128897,110879.34407399122,128635.37041858918,188068.79684318393,112781.61371648111,56557.40864227368,73414.62576696998,193268.74986803153,25714.18930784301,67903.85257488977,51722.823955501524,140009.0471448316,107030.44045258114,7584.870925103808,15661028.06153026,126112.81922953478,123932.23612639437,94173.79152121059,212851.33130017767,123545.03532958159,132935.81995680858,147553.10389745777,111932.30327760802,31168.607155056183,131229.25648231793,406737.17198747775
66,71297.82372352635,112129.54052217685,8241.927164743343,300413.8012995522,17561.038491851872,82108.79845499394,18321.628203230124,54645.26078586617,75025.67208781061,156751.71036280654,31640.62859213972,127703.53451717993,165569.69724993792,96832.56690811526,250774.57223914075,141200.98461069955,243603.90157469368,251802.00839538453,74874.35325066766,54407.835137452435,23417.038562804973,41798.421431673574,115520.85012527727,19075.280702531316,129795.74212382914,111166.19372096019,128469.47374923399,189639.16344320547,112642.82217538623,58417.80218810343,73452.89192509685,193957.32240902854,25813.513176491066,67682.8930243923,51695.12659700197,140134.12173830724,107534.75450547699,7554.882930833325,15655874.087742941,125946.58028430986,123938.95248788079,94130.08899775197,212839.20136396537,123608.60953089627,132930.23397833772,147800.1622977017,111925.34651897139,31226.866242386295,132064.98145296032,406736.3273253078
67,71163.69376761958,112320.00645933759,8229.560638476405,300791.0998310819,17482.903272695057,81777.63450878664,18157.718221322026,54858.95173060717,74794.22329399399,156638.83842247564,31746.57370658607,128043.76529405621,165367.0165815232,96974.66256999092,250775.0925421548,141081.79938723324,243578.68370510807,251799.6726725358,74994.32040901431,53335.712801687405,23539.128549250316,41963.91965282967,115519.67526983582,19129.92633497396,129638.79148867672,111793.50847605898,128124.34801602582,189447.50918978374,112519.59121773748,60918.81121325139,73944.85500466112,195579.30827513675,25905.31456094947,67431.69342994037,51566.755343924815,140092.0037707451,107747.07779056385,7574.697786123902,15666366.867899492,125839.37262352665,123931.05595708691,94057.06747606145,212797.59142681526,123638.36196159084,132885.99699542255,148047.20793243687,111910.328834302,31264.712477986086,132077.38725285488,406709.7171828156
68,71359.64477196334,112212.2568087872,8261.179781392546,299682.43856898043,17307.88413397423,81952.21231779258,18019.071707716244,54716.543229268114,75252.51404510539,156560.0529930339,31733.769809784586,127392.93228480493,165289.04588865477,96727.31460140632,250775.23853831872,141459.1334679492,243603.82771942645,251800.99070464412,75320.26992032115,55234.6554483174,23382.974874598844,41663.65359762001,115450.90970850237,19091.874989400316,130226.86265319855,112649.8271282995,128183.00474220171,189072.41728072325,112735.89376610961,62210.42469794276,73810.07674734379,195448.89946669934,26050.953451220787,67535.86898733946,51576.530891841634,140514.3428446944,107915.15945302237,7632.283566656098,15700430.607446171,125927.62701000721,123945.97460701315,94276.73168505383,212741.5932077017,123501.86880409313,132876.52419095565,147704.41003291224,111914.01707005822,31250.232768434,131727.11734940746,406709.40895701275
